<?xml version="1.0" encoding="UTF-8"?>
<ead xmlns:ead="http://ead3.archivists.org/schema/" xmlns="http://ead3.archivists.org/schema/" xmlns:xsi="http://www.w3.org/2001/XMLSchema-instance" xmlns:xlink="http://www.w3.org/1999/xlink" xsi:schemaLocation="http://ead3.archivists.org/schema/ ../../schemas/ead3.xsd http://www.w3.org/1999/xlink ../../schemas/xlink.xsd">
	<control>
		<recordid>ID.AVID.SA.18006.northwind.ead</recordid> <!--  Note that the OBJID can be replaced with any ID scheme. In this example IDs carring information are used to ease understanding-->
		<filedesc>
			<titlestmt>
				<titleproper>Northwind database</titleproper>
			</titlestmt>
		</filedesc>
		<maintenancestatus value="new"/> <!--  p. 245 in TAG library, paraphrased: "use the mandatory maintenancestatus to indicate the current drafting status of an EAD instance. The current version status should always be updated whenever an EAD instance is 
modified (as recorded in maintenancehistory). -->
		<maintenanceagency>
			<agencycode >DNA</agencycode>
			<agencyname>Danish National Archives</agencyname>
		</maintenanceagency>
		<maintenancehistory> <!--  p. 239 in TAG library, paraphrased: "use the mandatory maintenancehistory to record an activity in the creation and ongoing maintenance of an EAD instance, including revisions, updates, deletions, etc. There will always be at least one maintenance event for each instance, which will typically be its creation."  -->
			<maintenanceevent>
				<eventtype value="created"></eventtype>
				<eventdatetime standarddatetime="2016-02-23">23022016</eventdatetime>
				<agenttype value="human"></agenttype>
				<agent>Phillip Tømmerholt</agent>
			</maintenanceevent>
		</maintenancehistory>
	</control>
	<archdesc level="otherlevel" otherlevel="database" lang="eng"> <!--  p. 53 in TAG library, paraphrased: "use the mandatory archdesc for binding together the bulk of an EAD document instance, which typically should include elements describing the content, context, and extent of a body of archival materials, as well as containing administrative and supplemental information that facilitates use of the materials. The elements are organized in hierarchical levels that provide a descriptive overview of the whole, optionally followed by more specific description of the component parts. Descriptive information is inherited downward, from one hierarchical level to the next." 
- For E-ARK, however, "administrative and supplemental information that facilitates use of the materials" is information created in the PREMIS file.  -->
<!--  p. 54 in TAG Library, paraphrased: "level values limited to: class, collection, file, fonds, item, otherlevel, recordgrp, series, subfonds, subgrp, subseries."
-  It is not explained in the TAG Library what these values represent. EAD is created to be ISAD(G) compliant, and some of the level values can be associated with the definitions in ISAD(G). But there are no direct link. This example describes the Northwind database as a otherlevel with the value database. -->
				<did>
				    <unitid>128348718291</unitid> <!-- optional in EAD but mandatory in the DIP specification -->
					<unittitle>Northwind database</unittitle>
					<dao daotype="borndigital" href="file:representations/AVID.SA.18006rep0/data/Northwind.siard"></dao> <!--  this dao link is a reference to the siard-file in representation 0  -->
					<unitdatestructured calendar="gregorian" era="ce">
						<daterange>
						  <fromdate standarddate="2000-01-01">2000</fromdate>
						  <todate standarddate="2008-12-31">2008</todate>
						</daterange>
					</unitdatestructured>
					
					<abstract lang="eng">Northwind Traders Access database is a sample database from Microsoft Office suite. The Northwind database contains the sales data for a fictitious company called Northwind Traders, which imports and exports specialty foods from around the world. The database contains 13 tables and also includes pictures of foods and employees. </abstract>
					<abstract lang="dan">Northwind Traders Access database er en eksempeldatabase fra Microsoft Office suite. The Northwind database indeholder informationer om salg for et fiktivt firma med navn Northwind Traders. Northwind Traders importerer og eksporterer specialfødevarer fra hele verden. Databasen indeholder 13 tabeller og indeholder blandt andet billeder af fødevarer og firmaets ansatte.</abstract>			
					<physdescstructured coverage="part" physdescstructuredtype="spaceoccupied" label="representation_size"><!-- size in gigabytes of the representation -->	
					  <quantity>0.001973071</quantity>
					  <unittype>GB</unittype>					
					</physdescstructured> 	
					<physdescstructured coverage="part" physdescstructuredtype="spaceoccupied" label="database_size"><!-- size in gigabytes of the zipped siard.file -->
					  <quantity>0.000053</quantity>
					  <unittype>GB</unittype>	
					</physdescstructured>
					<physdescstructured coverage="part" physdescstructuredtype="spaceoccupied" label="LOB_folder_size"><!-- size in gigabytes of total LOB folders -->
					  <quantity>0.000398</quantity>
					  <unittype>GB</unittype>	
					</physdescstructured>	
					<physdescstructured coverage="part" physdescstructuredtype="spaceoccupied" label="LOB_fileamount"><!--  total number of BLOBs/CLOBs-->
					  <quantity>17</quantity>
					  <unittype>BLOBS</unittype>	
					</physdescstructured>	
				</did>
				<accessrestrict>
				<p>Unrestricted</p>
				</accessrestrict>
		<dsc dsctype="combined">
<!--	p. 154 in TAG Library, paraphrased: "Use "dsc" to wrap subordinate components in the archival hierarchy of the materials being described..."combined" is used when the narrative description of a series is followed immediately by a listing of the contents of that series within a single <dsc>.--> 
<!-- I present the following tables so an archivist is able to see what kind of tables are stored in the database and what they contain. -->
			<c level="otherlevel" otherlevel="table">
			 <did audience="internal">
			 <!-- In this case the attribute audience is set to "internal" on all table descriptions since there can be restrictions as to what an archive is allowed to share for all users. Most database systems can only be described in very broad terms, and even a description of what tables the database consists of can breach confidentiality. In determining whether information stored in the database is relevant for a possible user this sort of descriptive metadata is important for an archivist. The external/internal attribute (which can appear everywhere in the EAD instance) can be changed after a period along with possibly other new access rights for the IP. This table list can be automatically processed from the metadata.xml.  -->
               <unittitle>Orders</unittitle>
               <abstract>Table0. This table contains information about the orders that Northwind Traders had</abstract>			
			 </did>
			</c>
			<c level="otherlevel" otherlevel="table">
			 <did audience="internal">
               <unittitle>Products</unittitle>
               <abstract>Table1. This table contains information about the products that Northwind Traders had</abstract>			
			 </did>
			</c>
			<c level="otherlevel" otherlevel="table">
			 <did audience="internal">
               <unittitle>Categories</unittitle>
               <abstract>Table2. - containing food categories</abstract>			
			 </did>
			</c>			
			<c level="otherlevel" otherlevel="table">
			 <did audience="internal">
               <unittitle>Shippers</unittitle>
               <abstract>Table3. - containing information about the Shippers that Northwind traders had information about</abstract>			
			 </did>
			</c>
			<c level="otherlevel" otherlevel="table">
			 <did audience="internal">
               <unittitle>Employees</unittitle>
               <abstract>Table4. This table contains information about the employments of Northwind Traders</abstract>			
			 </did>
			</c>			
			<c level="otherlevel" otherlevel="table">
			 <did audience="internal">
               <unittitle>Territories</unittitle>
               <abstract>Table5. This table contains information about the Territories that Northwind Traders worked in</abstract>			
			 </did>
			</c>
			<c level="otherlevel" otherlevel="table">
			 <did audience="internal">
               <unittitle>CustomerDemographics</unittitle>
               <abstract>Table6. Empty table, no data</abstract>			
			 </did>
			</c>
			<c level="otherlevel" otherlevel="table">
			 <did audience="internal">
               <unittitle>CustomerCustomerDemo</unittitle>
               <abstract>Table7. Empty table, no data</abstract>			
			 </did>
			</c>
			<c level="otherlevel" otherlevel="table">
			 <did audience="internal">
               <unittitle>Suppliers</unittitle>
               <abstract>Table8. This table contains information about the suppliers that Northwind Traders had</abstract>			
			 </did>
			</c>
			<c level="otherlevel" otherlevel="table">
			 <did audience="internal">
               <unittitle>EmployeeTerritories</unittitle>
               <abstract>Table9. - empty table</abstract>			
			 </did>
			</c>
			<c level="otherlevel" otherlevel="table">
			 <did audience="internal">
               <unittitle>Customers</unittitle>
               <abstract>Table10. This table contains information about the customers of Northwind Traders</abstract>			
			 </did>
			</c>
			<c level="otherlevel" otherlevel="table">
			 <did audience="internal">
               <unittitle>Region</unittitle>
               <abstract>Table11. This table contains information about the Regions that Northwind Traders worked in</abstract>			
			 </did>
			</c>
			<c level="otherlevel" otherlevel="table">
			 <did audience="internal">
               <unittitle>Order Details</unittitle>
               <abstract>Table12. This table contains information about the orders details that Northwind Traders had</abstract>			
			 </did>
			</c>
		</dsc>
	</archdesc>
</ead>
