<?xml version='1.0' encoding='UTF-8'?>
<premis xmlns="info:lc/xmlns/premis-v2" xmlns:xsi="http://www.w3.org/2001/XMLSchema-instance" version="2.0" xsi:schemaLocation="info:lc/xmlns/premis-v2 ../../schemas/premis-v2-2.xsd">
  <object xmlID="ID6fdd696a-ebc5-4663-8462-71819ebc663f" xsi:type="representation">
    <objectIdentifier>
      <objectIdentifierType>repository</objectIdentifierType>
      <objectIdentifierValue>urn:uuid:333d7384-054b-4f4a-be24-e03f47c9c752</objectIdentifierValue>
    </objectIdentifier>
  </object>
  <event><eventIdentifier><eventIdentifierType>local</eventIdentifierType><eventIdentifierValue>IDc969b8f7-dcad-4ea5-90c0-7bb80031249c</eventIdentifierValue></eventIdentifier><eventType>SIP to AIP Conversion Reset</eventType><eventDateTime>2017-01-23T11:46:34</eventDateTime><eventOutcomeInformation><eventOutcome>success</eventOutcome></eventOutcomeInformation><linkingAgentIdentifier><linkingAgentIdentifierType>software</linkingAgentIdentifierType><linkingAgentIdentifierValue>E-ARK Web 0.9.4 (task: SIPtoAIPReset)</linkingAgentIdentifierValue></linkingAgentIdentifier><linkingObjectIdentifier><linkingObjectIdentifierType>repository</linkingObjectIdentifierType><linkingObjectIdentifierValue>urn:uuid:333d7384-054b-4f4a-be24-e03f47c9c752</linkingObjectIdentifierValue></linkingObjectIdentifier></event><event><eventIdentifier><eventIdentifierType>local</eventIdentifierType><eventIdentifierValue>ID2f1f67c3-badf-4f22-b787-cea77ce3693b</eventIdentifierValue></eventIdentifier><eventType>SIP Delivery Validation</eventType><eventDateTime>2017-01-23T11:46:38</eventDateTime><eventOutcomeInformation><eventOutcome>success</eventOutcome></eventOutcomeInformation><linkingAgentIdentifier><linkingAgentIdentifierType>software</linkingAgentIdentifierType><linkingAgentIdentifierValue>E-ARK Web 0.9.4 (task: SIPDeliveryValidation)</linkingAgentIdentifierValue></linkingAgentIdentifier><linkingObjectIdentifier><linkingObjectIdentifierType>repository</linkingObjectIdentifierType><linkingObjectIdentifierValue>urn:uuid:333d7384-054b-4f4a-be24-e03f47c9c752</linkingObjectIdentifierValue></linkingObjectIdentifier></event><event><eventIdentifier><eventIdentifierType>local</eventIdentifierType><eventIdentifierValue>IDb636a1a4-0e3f-4141-aa54-04fa7b34390b</eventIdentifierValue></eventIdentifier><eventType>AIP Identifier Assignment</eventType><eventDateTime>2017-01-23T11:46:42</eventDateTime><eventOutcomeInformation><eventOutcome>success</eventOutcome></eventOutcomeInformation><linkingAgentIdentifier><linkingAgentIdentifierType>software</linkingAgentIdentifierType><linkingAgentIdentifierValue>E-ARK Web 0.9.4 (task: IdentifierAssignment)</linkingAgentIdentifierValue></linkingAgentIdentifier><linkingObjectIdentifier><linkingObjectIdentifierType>repository</linkingObjectIdentifierType><linkingObjectIdentifierValue>urn:uuid:333d7384-054b-4f4a-be24-e03f47c9c752</linkingObjectIdentifierValue></linkingObjectIdentifier></event><event><eventIdentifier><eventIdentifierType>local</eventIdentifierType><eventIdentifierValue>ID658a7b6b-ea15-4eba-9bea-ae9b06b9da39</eventIdentifierValue></eventIdentifier><eventType>SIP Extraction</eventType><eventDateTime>2017-01-23T11:46:49</eventDateTime><eventOutcomeInformation><eventOutcome>success</eventOutcome></eventOutcomeInformation><linkingAgentIdentifier><linkingAgentIdentifierType>software</linkingAgentIdentifierType><linkingAgentIdentifierValue>E-ARK Web 0.9.4 (task: SIPExtraction)</linkingAgentIdentifierValue></linkingAgentIdentifier><linkingObjectIdentifier><linkingObjectIdentifierType>repository</linkingObjectIdentifierType><linkingObjectIdentifierValue>urn:uuid:333d7384-054b-4f4a-be24-e03f47c9c752</linkingObjectIdentifierValue></linkingObjectIdentifier></event><event><eventIdentifier><eventIdentifierType>local</eventIdentifierType><eventIdentifierValue>IDc8b44f58-ff14-4970-a766-c96ee29ec241</eventIdentifierValue></eventIdentifier><eventType>SIP Validation</eventType><eventDateTime>2017-01-23T11:46:53</eventDateTime><eventOutcomeInformation><eventOutcome>success</eventOutcome></eventOutcomeInformation><linkingAgentIdentifier><linkingAgentIdentifierType>software</linkingAgentIdentifierType><linkingAgentIdentifierValue>E-ARK Web 0.9.4 (task: SIPValidation)</linkingAgentIdentifierValue></linkingAgentIdentifier><linkingObjectIdentifier><linkingObjectIdentifierType>repository</linkingObjectIdentifierType><linkingObjectIdentifierValue>urn:uuid:333d7384-054b-4f4a-be24-e03f47c9c752</linkingObjectIdentifierValue></linkingObjectIdentifier></event><event><eventIdentifier><eventIdentifierType>local</eventIdentifierType><eventIdentifierValue>ID58fe58c8-feab-4458-aa88-20eafa919921</eventIdentifierValue></eventIdentifier><eventType>SIP to AIP Restructuring</eventType><eventDateTime>2017-01-23T11:47:01</eventDateTime><eventOutcomeInformation><eventOutcome>success</eventOutcome></eventOutcomeInformation><linkingAgentIdentifier><linkingAgentIdentifierType>software</linkingAgentIdentifierType><linkingAgentIdentifierValue>E-ARK Web 0.9.4 (task: SIPRestructuring)</linkingAgentIdentifierValue></linkingAgentIdentifier><linkingObjectIdentifier><linkingObjectIdentifierType>repository</linkingObjectIdentifierType><linkingObjectIdentifierValue>urn:uuid:333d7384-054b-4f4a-be24-e03f47c9c752</linkingObjectIdentifierValue></linkingObjectIdentifier></event><event><eventIdentifier><eventIdentifierType>local</eventIdentifierType><eventIdentifierValue>ID2f6b6344-2148-4d74-8bba-b38bdb1bfe57</eventIdentifierValue></eventIdentifier><eventType>AIP Descriptive Metadata Validation</eventType><eventDateTime>2017-01-23T11:47:05</eventDateTime><eventOutcomeInformation><eventOutcome>warning</eventOutcome></eventOutcomeInformation><linkingAgentIdentifier><linkingAgentIdentifierType>software</linkingAgentIdentifierType><linkingAgentIdentifierValue>E-ARK Web 0.9.4 (task: AIPDescriptiveMetadataValidation)</linkingAgentIdentifierValue></linkingAgentIdentifier><linkingObjectIdentifier><linkingObjectIdentifierType>repository</linkingObjectIdentifierType><linkingObjectIdentifierValue>urn:uuid:333d7384-054b-4f4a-be24-e03f47c9c752</linkingObjectIdentifierValue></linkingObjectIdentifier></event><event><eventIdentifier><eventIdentifierType>local</eventIdentifierType><eventIdentifierValue>ID93afb54a-4b33-4aac-97d4-f80b07da6f4d</eventIdentifierValue></eventIdentifier><eventType>AIP Migrations</eventType><eventDateTime>2017-01-23T11:47:14</eventDateTime><eventOutcomeInformation><eventOutcome>success</eventOutcome></eventOutcomeInformation><linkingAgentIdentifier><linkingAgentIdentifierType>software</linkingAgentIdentifierType><linkingAgentIdentifierValue>E-ARK Web 0.9.4 (task: AIPMigrations)</linkingAgentIdentifierValue></linkingAgentIdentifier><linkingObjectIdentifier><linkingObjectIdentifierType>repository</linkingObjectIdentifierType><linkingObjectIdentifierValue>urn:uuid:333d7384-054b-4f4a-be24-e03f47c9c752</linkingObjectIdentifierValue></linkingObjectIdentifier></event><event><eventIdentifier><eventIdentifierType>local</eventIdentifierType><eventIdentifierValue>IDef17552c-56c9-4204-8e92-7dc59a640317</eventIdentifierValue></eventIdentifier><eventType>AIP Package Mets Creation</eventType><eventDateTime>2017-01-23T11:47:38</eventDateTime><eventOutcomeInformation><eventOutcome>success</eventOutcome></eventOutcomeInformation><linkingAgentIdentifier><linkingAgentIdentifierType>software</linkingAgentIdentifierType><linkingAgentIdentifierValue>E-ARK Web 0.9.4 (task: AIPPackageMetsCreation)</linkingAgentIdentifierValue></linkingAgentIdentifier><linkingObjectIdentifier><linkingObjectIdentifierType>repository</linkingObjectIdentifierType><linkingObjectIdentifierValue>urn:uuid:333d7384-054b-4f4a-be24-e03f47c9c752</linkingObjectIdentifierValue></linkingObjectIdentifier></event><event><eventIdentifier><eventIdentifierType>local</eventIdentifierType><eventIdentifierValue>ID2a37ea6e-422e-4b9a-9b0c-1ecbdf4eca27</eventIdentifierValue></eventIdentifier><eventType>AIP Validation</eventType><eventDateTime>2017-01-23T11:47:43</eventDateTime><eventOutcomeInformation><eventOutcome>success</eventOutcome></eventOutcomeInformation><linkingAgentIdentifier><linkingAgentIdentifierType>software</linkingAgentIdentifierType><linkingAgentIdentifierValue>E-ARK Web 0.9.4 (task: AIPValidation)</linkingAgentIdentifierValue></linkingAgentIdentifier><linkingObjectIdentifier><linkingObjectIdentifierType>repository</linkingObjectIdentifierType><linkingObjectIdentifierValue>urn:uuid:333d7384-054b-4f4a-be24-e03f47c9c752</linkingObjectIdentifierValue></linkingObjectIdentifier></event><agent>
    <agentIdentifier>
      <agentIdentifierType>LOCAL</agentIdentifierType>
      <agentIdentifierValue>E-ARK Web 0.9.4</agentIdentifierValue>
    </agentIdentifier>
    <agentName>E-ARK Web</agentName>
    <agentType>Software</agentType>
  </agent>
</premis>
