<?xml version='1.0' encoding='UTF-8'?>
<mets xmlns:ext="ExtensionMETS" xmlns:xsi="http://www.w3.org/2001/XMLSchema-instance" xmlns:xlink="http://www.w3.org/1999/xlink" xmlns="http://www.loc.gov/METS/" PROFILE="http://www.ra.ee/METS/v01/IP.xml" TYPE="AIP" OBJID="urn:uuid:urn:uuid:333d7384-054b-4f4a-be24-e03f47c9c752" LABEL="METS file describing the AIP matching the OBJID." xsi:schemaLocation="http://www.loc.gov/METS/ schemas/mets_1_11.xsd http://www.w3.org/1999/xlink schemas/xlink.xsd">
  <metsHdr RECORDSTATUS="NEW" CREATEDATE="2017-01-23T11:47:38">
    <agent TYPE="OTHER" ROLE="CREATOR" OTHERTYPE="SOFTWARE">
      <name>E-ARK earkweb</name>
      <note>VERSION=0.0.1</note>
    </agent>
    <metsDocumentID>METS.xml</metsDocumentID>
  </metsHdr>
  <amdSec ID="ID4aebe4e7-f588-48d3-891f-497dcee49081">
    <digiprovMD ID="ID96a048da-5325-4e4c-9c52-73982c90a4c6">
      <mdRef MIMETYPE="text/plain" xlink:href="file://./metadata/earkweb.log" LOCTYPE="URL" CREATED="2017-01-23T11:47:38" CHECKSUM="36deb4064820d358335d5be86d0c4bae4372fefa23890cdc3465ae1b02b4a6e9" xlink:type="simple" ID="IDf31c09f9-e902-426b-8a85-69f10e157fb5" MDTYPE="OTHER" CHECKSUMTYPE="SHA-256"/>
    </digiprovMD>
    <digiprovMD ID="ID6cd258c2-6be6-44f1-92e3-ac8e16364e85">
      <mdRef MIMETYPE="application/xml" xlink:href="file://./metadata/earkweb/migrations.xml" LOCTYPE="URL" CREATED="2017-01-23T11:47:38" CHECKSUM="7a4bb7ad16674a67a230143008841c274d23b2d84a21b6d662f775fbb14815ad" xlink:type="simple" ID="IDa17f7e50-079c-4f50-b11a-bd8acb3816e2" MDTYPE="OTHER" CHECKSUMTYPE="SHA-256"/>
    </digiprovMD>
    <digiprovMD ID="ID7d9085fc-48c9-4726-8690-33672127c198">
      <mdRef MIMETYPE="application/x-tar" xlink:href="file://./metadata/earkweb/migrations/migrations.tar" LOCTYPE="URL" CREATED="2017-01-23T11:47:38" CHECKSUM="84ff92691f909a05b224e1c56abb4864f01b4f8e3c854e4bb4c7baf1d3f6d652" xlink:type="simple" ID="IDd6332c9b-d878-48e9-9ab7-fc57dd025f5d" MDTYPE="OTHER" CHECKSUMTYPE="SHA-256"/>
    </digiprovMD>
    <digiprovMD ID="ID56467d73-2f5e-47af-ad49-a7bc2e53dcaa">
      <mdRef MIMETYPE="application/xml" xlink:href="file://./metadata/preservation/premis.xml" LOCTYPE="URL" CREATED="2017-01-23T11:47:38" CHECKSUM="9e978ea8c18f93ee9b302f55bb79e5e03f6fad4c77c30b5735528b9c056a5423" xlink:type="simple" ID="ID59afcda4-bdec-4f67-ae26-811ff14875d8" MDTYPE="PREMIS" CHECKSUMTYPE="SHA-256"/>
    </digiprovMD>
  </amdSec>
  <fileSec>
    <fileGrp USE="general filegroup" ID="ID3af2abdc-4f69-49d5-9e1f-dcc457dea0fc">
      <file MIMETYPE="application/xml" USE="Datafile" CHECKSUMTYPE="SHA-256" CREATED="2017-01-23T11:47:38" CHECKSUM="0d47e53f21e2e44f48794287afae759bace86a0622a1dfb1fa44a1a982abddd7" ID="ID27a18175-90b6-41d7-b2f0-88b624e4b7ab" SIZE="65126">
        <FLocat xlink:href="file://./schemas/premis-v2-2.xsd" xlink:type="simple" LOCTYPE="URL"/>
      </file>
      <file MIMETYPE="application/xml" USE="Datafile" CHECKSUMTYPE="SHA-256" CREATED="2017-01-23T11:47:38" CHECKSUM="dc8133202b61715fa2e52229bda041aed4e586f4b3b21109a40222391ac614f8" ID="ID7923f668-edce-493f-92a6-02543a8c4bfe" SIZE="145430">
        <FLocat xlink:href="file://./schemas/IP.xsd" xlink:type="simple" LOCTYPE="URL"/>
      </file>
      <file MIMETYPE="application/xml" USE="Datafile" CHECKSUMTYPE="SHA-256" CREATED="2017-01-23T11:47:38" CHECKSUM="f1f5bb6003165cdd8f6c1fcc32f8fd1f965e1681010f3b9806d9460bcffa8a3c" ID="ID2bbab08f-a1b7-4476-b2cc-7c8c7cdd21cf" SIZE="3180">
        <FLocat xlink:href="file://./schemas/xlink.xsd" xlink:type="simple" LOCTYPE="URL"/>
      </file>
      <file MIMETYPE="application/xml" USE="Datafile" CHECKSUMTYPE="SHA-256" CREATED="2017-01-23T11:47:38" CHECKSUM="a20b879caff4e304ee8900aa9652a8a532c54c450e89381ba034d1f7cf1ab1c9" ID="ID2344c2cc-2482-4572-be3e-d0c6ed4965e5" SIZE="133018">
        <FLocat xlink:href="file://./schemas/mets_1_11.xsd" xlink:type="simple" LOCTYPE="URL"/>
      </file>
      <file MIMETYPE="application/xml" USE="Datafile" CHECKSUMTYPE="SHA-256" CREATED="2017-01-23T11:47:01" CHECKSUM="8b081557dfb24011e258683d13fd14bf81c43b995512ec3519567f317abd1135" ID="ID288de4ff-c6f7-42df-a6b2-79578b17bc09" SIZE="6104">
        <FLocat xlink:href="file://./submission/METS.xml" xlink:type="simple" LOCTYPE="URL"/>
      </file>
    </fileGrp>
  </fileSec>
  <structMap TYPE="physical" LABEL="E-ARK structural map">
    <div LABEL="urn:uuid:333d7384-054b-4f4a-be24-e03f47c9c752">
      <div LABEL="schemas">
        <fptr FILEID="ID27a18175-90b6-41d7-b2f0-88b624e4b7ab"/>
        <fptr FILEID="ID7923f668-edce-493f-92a6-02543a8c4bfe"/>
        <fptr FILEID="ID2bbab08f-a1b7-4476-b2cc-7c8c7cdd21cf"/>
        <fptr FILEID="ID2344c2cc-2482-4572-be3e-d0c6ed4965e5"/>
      </div>
      <div LABEL="metadata">
        <fptr FILEID="IDf31c09f9-e902-426b-8a85-69f10e157fb5"/>
        <fptr FILEID="IDa17f7e50-079c-4f50-b11a-bd8acb3816e2"/>
        <fptr FILEID="IDd6332c9b-d878-48e9-9ab7-fc57dd025f5d"/>
        <fptr FILEID="ID59afcda4-bdec-4f67-ae26-811ff14875d8"/>
      </div>
      <div LABEL="submission">
        <mptr xlink:href="file://./submission/METS.xml" xlink:title="Mets file describing representation: submission of AIP: urn:uuid:urn:uuid:333d7384-054b-4f4a-be24-e03f47c9c752." LOCTYPE="URL" ID="ID09ea6042-dcb5-4b8a-a0f5-a79d31353625"/>
        <fptr FILEID="ID288de4ff-c6f7-42df-a6b2-79578b17bc09"/>
      </div>
    </div>
  </structMap>
  <structMap TYPE="logical" LABEL="Simple AIP structuring">
    <div LABEL="Package structure">
      <div LABEL="metadata files">
        <fptr FILEID="IDf31c09f9-e902-426b-8a85-69f10e157fb5"/>
        <fptr FILEID="IDa17f7e50-079c-4f50-b11a-bd8acb3816e2"/>
        <fptr FILEID="IDd6332c9b-d878-48e9-9ab7-fc57dd025f5d"/>
        <fptr FILEID="ID59afcda4-bdec-4f67-ae26-811ff14875d8"/>
      </div>
      <div LABEL="schema files">
        <fptr FILEID="ID27a18175-90b6-41d7-b2f0-88b624e4b7ab"/>
        <fptr FILEID="ID7923f668-edce-493f-92a6-02543a8c4bfe"/>
        <fptr FILEID="ID2bbab08f-a1b7-4476-b2cc-7c8c7cdd21cf"/>
        <fptr FILEID="ID2344c2cc-2482-4572-be3e-d0c6ed4965e5"/>
      </div>
      <div LABEL="content files"/>
    </div>
  </structMap>
</mets>
