<?xml version='1.0' encoding='UTF-8'?>
<eac-cpf xsi:schemaLocation='urn:isbn:1-931666-33-4 ../../schemas/cpf.xsd' xmlns='urn:isbn:1-931666-33-4' xmlns:xsi='http://www.w3.org/2001/XMLSchema-instance' xmlns:xlink='http://www.w3.org/1999/xlink'> 
	<control>
		<recordId>8b7950a0-30c1-45ff-b9b7-4ef405105234</recordId>
		<otherRecordId localType='url'></otherRecordId>
		<maintenanceStatus>new</maintenanceStatus>
		<maintenanceAgency>
			<agencyName>Tartu Ülikool</agencyName>
		</maintenanceAgency>                
		<maintenanceHistory>
			<maintenanceEvent>
				<eventType>created</eventType>
				<eventDateTime standardDateTime='2016-01-01'>2016</eventDateTime>
				<agentType>human</agentType>
				<agent>Tarvo Kärberg</agent>
			</maintenanceEvent>
		</maintenanceHistory>
		<!--A source of evidence used in describing the entity or entities in the EAC-CPF instance.-->
		<sources>
			<source>
				<!--A textual identification of a particular source of evidence used in describing the entity in the EAC-CPF instance.-->
				<sourceEntry>Tartu University Collections</sourceEntry>
			</source>
		</sources>
	</control>
	<cpfDescription>
		<identity>
			<!--Any formal identifier used to designate the entity being described.-->
			<entityId localType="legalidentifier">CLU-SC-000008</entityId>
			<entityType>corporateBody</entityType>
			<nameEntry>
				<part localType='name'>Tartu Riiklik Ülikool</part>		                
				<useDates><dateRange>
						<fromDate>1944</fromDate>
						<toDate>1944</toDate>
					</dateRange></useDates>
			</nameEntry>
			<nameEntry>
				<part localType='name'>Tartu Ülikool</part>		                
				<useDates><dateRange>
						<fromDate>1989</fromDate>
						<toDate>1989</toDate>
					</dateRange></useDates>
			</nameEntry>
			<nameEntry>
				<part localType='name'>Tartu Riiklik Ülikool</part>		                
				<useDates><dateRange>
						<fromDate>1940</fromDate>
						<toDate>1940</toDate>
					</dateRange></useDates>
			</nameEntry>
			<nameEntry>
				<part localType='name'>Kaiserliche Universität zu Dorpat</part>		                
				<useDates><dateRange>
						<fromDate>1802</fromDate>
						<toDate>1802</toDate>
					</dateRange></useDates>
			</nameEntry><nameEntry>
				<part localType='name'>Eesti Omavalitsuse Tartu Ülikool</part>		                
				<useDates><dateRange>
						<fromDate>1942</fromDate>
						<toDate>1942</toDate>
					</dateRange></useDates>
			</nameEntry><nameEntry>
				<part localType='name'>Academia Dorpatensis</part>		                
				<useDates><dateRange>
						<fromDate>1632</fromDate>
						<toDate>1632</toDate>
					</dateRange></useDates>
			</nameEntry><nameEntry>
				<part localType='name'>Eesti Vabariigi Tartu Ülikool</part>		                
				<useDates><dateRange>
						<fromDate>1919</fromDate>
						<toDate>1919</toDate>
					</dateRange></useDates>
			</nameEntry>

			<nameEntryParallel>
				<nameEntry scriptCode='Latn' xml:lang='en'>
					<part localType='translation'>University of Tartu</part>    
				</nameEntry>
				<nameEntry scriptCode='Latn' xml:lang=''>
					<part localType='abbreviation'>UT</part>            
				</nameEntry>
			</nameEntryParallel>
		</identity>
		<description>
			<existDates>
				<dateRange>
					<fromDate>1632</fromDate>
					<toDate>1632</toDate>
				</dateRange>
			</existDates>
			<places>
				<place>
					<placeRole>Address</placeRole>
					<placeEntry>Munga 2 Tartu Tartu Tartumaa Eesti</placeEntry>
					<dateRange>
						<fromDate></fromDate>
						<toDate></toDate>
					</dateRange>
				</place>
			</places>  
			<localDescriptions localType="E-ARK">
<localDescription localType="publication">
<term>Information about publications related to the archival creator.</term>
</localDescription>
</localDescriptions>
			<legalStatuses>
				<legalStatus>
					<term>Governmental agency</term>
					<dateRange>
						<fromDate>1941</fromDate>
						<toDate>1948</toDate>
					</dateRange>
				</legalStatus>
				<legalStatus>
					<term>Public limited liability company</term>
					<dateRange>
						<fromDate>1948</fromDate>
						<toDate>2006</toDate>
					</dateRange>
				</legalStatus>
			</legalStatuses>          
			<functions>
				<function>
					<term>Research</term>
					<descriptiveNote><p>Longer description.</p></descriptiveNote>
				</function>
				<function>
					<term>Institution management </term>
					<descriptiveNote><p>Longer description.</p></descriptiveNote>
				</function>
			</functions>
			<mandates>
				<mandate>
					<term>Type of the mandate</term>
					<dateRange>
						<fromDate>1948</fromDate>
						<toDate>2006</toDate>
					</dateRange>
					<descriptiveNote>
						<p>Longer description.</p>
					</descriptiveNote>
				</mandate>
			</mandates>
			<structureOrGenealogy>
				<p>Description of the structure.</p>
				<list>
					<item localType="structure">Full description of the structure.</item>
					<item localType="fromdate">1632</item>
					<item localType="todate">1720</item>
				</list>
				<list>
					<item localType="changedescription">A textual description of the change.</item>
					<item localType="changedate">1650</item>
					<item localType="changedescription">A textual description of the change.</item>
					<item localType="changedate">1710</item>
				</list>
			</structureOrGenealogy>
			<biogHist><p>History</p>
			</biogHist>			
		</description>
<relations>
<cpfRelation>
	<relationEntry>Name of the relation</relationEntry>
	<dateRange>
		<fromDate>1632</fromDate>
		<toDate>1640</toDate>
	</dateRange>
	<descriptiveNote>
		<p>Longer description.</p>
	</descriptiveNote>
	</cpfRelation>
</relations>
	</cpfDescription>
</eac-cpf>