<?xml version='1.0' encoding='UTF-8'?>
<ead xmlns='http://ead3.archivists.org/schema/' xmlns:xsi='http://www.w3.org/2001/XMLSchema-instance' xsi:schemaLocation='http://ead3.archivists.org/schema/ https://raw.githubusercontent.com/SAA-SDT/EAD3/master/ead3.xsd'>
	<!--A required child element of <ead> for recording bibliographic and administrative information about an EAD instance.-->	
	<control>
		<!--Record Identifier. A required child element of <control> that designates a unique identifier for the EAD instance.-->
		<!--ISAD(G): 3.1.1 Reference code(s)-->
		<recordid>7eb1e0c9-e978-4ea1-af38-cd8131cdff21</recordid>
		<filedesc>
			<!--Title Statement. A required child element of <filedesc> that binds together information about the name of an encoded finding aid and those responsible for its content.-->
			<titlestmt>
				<titleproper>Tartu Ülikool</titleproper>
			</titlestmt>
			<!--Note Statement. A child element of notestmt, used to provide a general note related to the EAD instance.-->
			<notestmt>
				<controlnote>
					<p>This EAD file is compliant with the E-ARK project ERMS SMURF Specification, Version 1.0.</p>
				</controlnote>
			</notestmt>
		</filedesc>
		<!--A required child element of <control> that records the current version status of the EAD instance.-->
		<maintenancestatus value='new'>submission</maintenancestatus>
		<maintenanceagency>
			<agencyname>University of Tartu</agencyname>
		</maintenanceagency>
		<maintenancehistory>
			<maintenanceevent>
				<!--A required child element of <maintenancehistory> used to record information about maintenance activities in the history of the EAD instance.-->
				<!--ISAD(G): 3.7.3 Date(s) of descriptions-->
				<eventtype value='created'></eventtype>
				<eventdatetime>2016-05-30T11:11:09.7930000</eventdatetime>
				<agenttype value='human'>text</agenttype>
				<agent>Tarvo Kärberg</agent>
			</maintenanceevent>
		</maintenancehistory>
	</control>

	<!--Archival Description. A required child element of <ead> that binds together all of the archival descriptive information in an EAD instance.-->
	<!--ISAD(G): 3.1.4 Level of description-->
	<archdesc level='collection'>
		<did>
			<abstract>Plan No.1</abstract>
			<!--A child element of <did> that names the creator or collector of the described
materials. -->	
			<!--ISAD(G): 3.2.1 Name of creator-->	
			<origination label="Creator">
				<name>
					<part>Tartu Ülikool</part>
				</name>
			</origination>
			<langmaterial><languageset>
					<language langcode="eng">English</language>
					<script scriptcode="Latn"></script>
				</languageset>
			</langmaterial>
			<!--Can be presented in a simple form as well-->
			<!--<langmaterial>
<language langcode="eng">English</language>
<language langcode="fre">French</language>
</langmaterial>-->
		</did>
		<!--An element for information about the chain of ownership or custody of the materials
being described, before they reached the archives. -->
		<!--ISAD(G): 3.2.3 Archival history-->
		<custodhist>
			<list>
				<item>
					Name of the owner
					<date>1931</date>
				</item>
			</list>
		</custodhist>
		<!--An element for encoding the immediate source of acquisition of the materials being described. Not mandatory.-->
		<!--ISAD(G): 3.2.4 Immediate source of acquisition-->	
		<acqinfo>
			<p>Longer textual description.</p>
		</acqinfo>
		<!--An element that provides information about the nature of and activities reflected in
the described materials. Not mandatory.-->
		<!--ISAD(G): 3.3.1 Scope and content-->	
		<scopecontent>
			<p>Scope and content.</p>
		</scopecontent>
		<!--An element for documenting decisions and actions related to assessing the archival value and disposition of the materials being described. Not mandatory. -->
		<!--ISAD(G): 3.3.2 Appraisal, destruction and scheduling-->	
		<appraisal>
			<chronlist>
				<chronitem>
					<datesingle>2008</datesingle>
					<event>
						<list>
							<item>
								Decision Number
							</item>
							<item>
								Decision Title
							</item>
							<item>
								Decision Description
							</item>
						</list>
					</event>
				</chronitem>
			</chronlist>
		</appraisal>
		<!--An element for information about anticipated additions to the materials being described. Not mandatory.-->
		<!--ISAD(G): 3.3.3 Accruals-->	
		<accruals>
			<p>TRUE</p>
		</accruals>
		<!--An element for describing the organization or filing sequence of the records. Not mandatory.-->
		<!--ISAD(G): 3.3.4 System of arrangement-->	
		<arrangement>
			<p>Textual description of the arrangement.</p>
		</arrangement>
		<accessrestrict>
			<chronlist>
				<chronitem>
					<daterange>
						<fromdate>1946</fromdate>
						<todate>2026</todate>
					</daterange>
					<event>
						<list>
							<item>
								Restriction type
							</item>
							<item>
								Duration of the restriction
							</item>
							<item>
								Source of the restriction
							</item>
							<item>
								Description
							</item>
						</list>
					</event>
				</chronitem>
			</chronlist>
		</accessrestrict>
		<!--If there are no access restrictions then <accessrestrict> can be described as follows-->
		<!--accessrestrict>
					<p>There are no access restrictions on this collection.</p>
				</accessrestrict-->	
		<!--An element for indicating any conditions that affect the use of the described materials, such as in publications. Not mandatory.-->
		<!--ISAD(G): 3.4.2 Conditions governing reproduction-->		
		<userestrict>
			<chronlist>
				<chronitem>
					<datesingle>01.02.2029</datesingle>
					<event>
						<list>
							<item>
								IPR owner
							</item>
							<item>
								Foundation/source
							</item>
							<item>
								Description
							</item>
						</list>
					</event>
				</chronitem>
			</chronlist>
		</userestrict>
		<!--For identifying any other finding aids to the materials being described. Not mandatory.-->
		<!--ISAD(G): 3.4.5 Finding aids-->	
		<otherfindaid>
			<head>Other Finding Aids</head><!--A static heading-->
			<p>The inventory of individual titles is also available in
				<ref href="itemlist.xlsx" show="new" actuate="onrequest">an Excel spreadsheet</ref>
				, which can be sorted by author, title, subject, and publication date.</p>
		</otherfindaid>
		<relatedmaterial>
			<list>
				<item>
					<list>
						<item>Related object 1</item>
						<item>Description</item>
					</list>
				</item>
				<item>
					<list>
						<item>Related object 2</item>
						<item>Description</item>
					</list>
				</item>
			</list>
		</relatedmaterial>
		<!--For citing works based on the use or analysis of the materials being described. Not mandatory.-->
		<!--ISAD(G): 3.5.4 Publication note-->	
		<bibliography>
			<list>
				<item>Publication 1</item>
				<item>Publication 2</item>
			</list>
		</bibliography>
		<!--A child element of <did> that can express any kind of explanatory information. Not mandatory.-->
		<!--ISAD(G): 3.6.1 Note-->
		<odd localtype='Keyword'>
			<list>
				<item>Keyword 1</item>
				<item>Keyword 2</item>
			</list>
		</odd>
		<odd localtype='Comment'>
			<list>
				<item>Comment 1</item>
				<item>Comment 2</item>
			</list>
		</odd>
		<!--For encoding information about archival activities related to the described materials. Not mandatory.-->
		<!--ISAD(G): 3.7.1 Archivist's note-->	
		<processinfo>
			<chronlist>
				<chronitem>
					<datesingle>01.02.2016</datesingle>
					<event>
						<list>
							<item>
								Name
							</item>
							<item>
								Activity
							</item>
						</list>
					</event>
				</chronitem>
			</chronlist>
		</processinfo>

		<dsc dsctype='combined'>
			<!--An aggregation level-->
			<!--ISAD(G): 3.1.4 Level of description-->
			<c01 level='series' >
				<did>
					<!--ISAD(G): 3.1.1 Reference code(s)-->
					<unitid label="current">EAA.123-1.2-2</unitid>
					<unitid label="original">14-3</unitid>
					<unitid label="archival">EAA.123-1-20</unitid>
					<unitid label="previousarchival">EAA.123-1-14</unitid>
					<!--A child element of <did> that specifies a title for the described materials. -->	
					<!--ISAD(G): 3.1.2 Title-->
					<unittitle>General plans</unittitle>
					<langmaterial><languageset>
							<language langcode="eng">English</language>
							<script scriptcode="Latn"></script>
						</languageset>
					</langmaterial>
				</did>		
				<fileplan id='e4d52aef-3dd1-4d59-9898-51109249437c' localtype="original">
					<head>Archival classification schema</head><!--A static heading-->
					<fileplan>
						<head>Institution management </head>
						<list listtype='ordered' numeration='upper-roman'>
							<item>Organization</item>
							<item>Directing</item>
						</list>
					</fileplan>
				</fileplan>
				<fileplan id='abd52aef-3dd1-4d59-9898-51109249437c' localtype="archival">
					<head>Archival classification schema</head><!--A static heading-->
					<fileplan>
						<head>Institution management </head>
						<list listtype='ordered' numeration='upper-roman'>
							<item>Organization and directing</item>
						</list>
					</fileplan>
				</fileplan>
				<!--An element that provides information about the nature of and activities reflected in
the described materials. Not mandatory.-->
				<!--ISAD(G): 3.3.1 Scope and content-->	
				<scopecontent>
					<p>Scope and content.</p>
				</scopecontent>
				<!--An element for documenting decisions and actions related to assessing the archival value and disposition of the materials being described. Not mandatory. -->
				<!--ISAD(G): 3.3.2 Appraisal, destruction and scheduling-->	
				<appraisal>
					<chronlist>
						<chronitem>
							<datesingle>2008</datesingle>
							<event>
								<list>
									<item>
										Decision Number
									</item>
									<item>
										Decision Title
									</item>
									<item>
										Decision Description
									</item>
								</list>
							</event>
						</chronitem>
					</chronlist>
				</appraisal>
				<!--An element for information about anticipated additions to the materials being described. Not mandatory.-->
				<!--ISAD(G): 3.3.3 Accruals-->	
				<accruals>
					<p>TRUE</p>
				</accruals>
				<!--An element for describing the organization or filing sequence of the records. Not mandatory.-->
				<!--ISAD(G): 3.3.4 System of arrangement-->	
				<arrangement>
					<p>Textual description of the arrangement.</p>
				</arrangement>
				<accessrestrict>
					<chronlist>
						<chronitem>
							<daterange>
								<fromdate>1946</fromdate>
								<todate>2026</todate>
							</daterange>
							<event>
								<list>
									<item>
										Restriction type
									</item>
									<item>
										Duration of the restriction
									</item>
									<item>
										Source of the restriction
									</item>
									<item>
										Description
									</item>
								</list>
							</event>
						</chronitem>
					</chronlist>
				</accessrestrict>
				<!--For identifying any other finding aids to the materials being described. Not mandatory.-->
				<!--ISAD(G): 3.4.5 Finding aids-->	
				<otherfindaid>
					<head>Other Finding Aids</head><!--A static heading-->
					<p>The inventory of individual titles is also available in
						<ref href="itemlist.xlsx" show="new" actuate="onrequest">an Excel spreadsheet</ref>
						, which can be sorted by author, title, subject, and publication date.</p>
				</otherfindaid>
				<relatedmaterial>
					<list>
						<item>
							<list>
								<item>Related object 1</item>
								<item>Description</item>
							</list>
						</item>
						<item>
							<list>
								<item>Related object 2</item>
								<item>Description</item>
							</list>
						</item>
					</list>
				</relatedmaterial>
				<bibliography>
					<list>
						<item>Publication 1</item>
						<item>Publication 2</item>
					</list>
				</bibliography>
				<!--A child element of <did> that can express any kind of explanatory information. Not mandatory.-->
				<!--ISAD(G): 3.6.1 Note-->
				<odd localtype='Keyword'>
					<list>
						<item>Keyword 1</item>
						<item>Keyword 2</item>
					</list>
				</odd>
				<odd localtype='Comment'>
					<list>
						<item>Comment 1</item>
						<item>Comment 2</item>
					</list>
				</odd>
				<!--For encoding information about archival activities related to the described materials. Not mandatory.-->
				<!--ISAD(G): 3.7.1 Archivist's note-->	
				<processinfo>
					<chronlist>
						<chronitem>
							<datesingle>01.02.2016</datesingle>
							<event>
								<list>
									<item>
										Name
									</item>
									<item>
										Activity
									</item>
								</list>
							</event>
						</chronitem>
					</chronlist>
				</processinfo>

				<!-- An aggregation level-->
				<!--3.1.4 Level of description-->
				<c02 level='file'>
					<did>
						<!--ISAD(G): 3.1.1 Reference code(s)-->
						<unitid>EAA.123-1.2-2-1</unitid>
						<!--A child element of <did> that specifies a title for the described materials. -->	
						<!--ISAD(G): 3.1.2 Title-->
						<unittitle>Plans (1-2) </unittitle>
						<langmaterial><languageset>
								<language langcode="eng">English</language>
								<script scriptcode="Latn"></script>
							</languageset>
						</langmaterial>
					</did>
					<!--An element that provides information about the nature of and activities reflected in
the described materials. Not mandatory.-->
					<!--ISAD(G): 3.3.1 Scope and content-->	
					<scopecontent>
						<p>Scope and content.</p>
					</scopecontent>
					<!--An element for documenting decisions and actions related to assessing the archival value and disposition of the materials being described. Not mandatory. -->
					<!--ISAD(G): 3.3.2 Appraisal, destruction and scheduling-->	
					<appraisal>
						<chronlist>
							<chronitem>
								<datesingle>2008</datesingle>
								<event>
									<list>
										<item>
											Decision Number
										</item>
										<item>
											Decision Title
										</item>
										<item>
											Decision Description
										</item>
									</list>
								</event>
							</chronitem>
						</chronlist>
					</appraisal>
					<!--An element for information about anticipated additions to the materials being described. Not mandatory.-->
					<!--ISAD(G): 3.3.3 Accruals-->	
					<accruals>
						<p>TRUE</p>
					</accruals>
					<!--An element for describing the organization or filing sequence of the records. Not mandatory.-->
					<!--ISAD(G): 3.3.4 System of arrangement-->	
					<arrangement>
						<p>Textual description of the arrangement.</p>
					</arrangement>
					<accessrestrict>
						<chronlist>
							<chronitem>
								<daterange>
									<fromdate>1946</fromdate>
									<todate>2026</todate>
								</daterange>
								<event>
									<list>
										<item>
											Restriction type
										</item>
										<item>
											Duration of the restriction
										</item>
										<item>
											Source of the restriction
										</item>
										<item>
											Description
										</item>
									</list>
								</event>
							</chronitem>
						</chronlist>
					</accessrestrict>
					<!--For identifying any other finding aids to the materials being described. Not mandatory.-->
					<!--ISAD(G): 3.4.5 Finding aids-->	
					<otherfindaid>
						<head>Other Finding Aids</head><!--A static heading-->
						<p>The inventory of individual titles is also available in
							<ref href="itemlist.xlsx" show="new" actuate="onrequest">an Excel spreadsheet</ref>
							, which can be sorted by author, title, subject, and publication date.</p>
					</otherfindaid>
					<relatedmaterial>
						<list>
							<item>
								<list>
									<item>Related object 1</item>
									<item>Description</item>
								</list>
							</item>
							<item>
								<list>
									<item>Related object 2</item>
									<item>Description</item>
								</list>
							</item>
						</list>
					</relatedmaterial>
					<bibliography>
						<list>
							<item>Publication 1</item>
							<item>Publication 2</item>
						</list>
					</bibliography>
					<!--A child element of <did> that can express any kind of explanatory information. Not mandatory.-->
					<!--ISAD(G): 3.6.1 Note-->
					<odd localtype='Keyword'>
						<list>
							<item>Keyword 1</item>
							<item>Keyword 2</item>
						</list>
					</odd>
					<odd localtype='Comment'>
						<list>
							<item>Comment 1</item>
							<item>Comment 2</item>
						</list>
					</odd>
					<!--For encoding information about archival activities related to the described materials. Not mandatory.-->
					<!--ISAD(G): 3.7.1 Archivist's note-->	
					<processinfo>
						<chronlist>
							<chronitem>
								<datesingle>01.02.2016</datesingle>
								<event>
									<list>
										<item>
											Name
										</item>
										<item>
											Activity
										</item>
									</list>
								</event>
							</chronitem>
						</chronlist>
					</processinfo>

					<!-- An aggregation level-->
					<!--3.1.4 Level of description-->
					<c03 level='item'>
						<did>
							<!--Universally unique identifier for an entity that is generated automatically by the system and stays with the entity forever-->	
							<!--ISAD(G): 3.1.1 Reference code(s)-->
							<unitid localtype='system_id'>EAA.123-1.2-2-1-1</unitid>
							<!--A child element of <did> that specifies a title for the described materials. -->	
							<!--ISAD(G): 3.1.2 Title-->
							<unittitle>Plan</unittitle>
							<!--System set date and time when the entity was created. Can be represented as unitdatestructured as well.-->
							<!--A child element of <did> that provides a simple statement of the date(s) covered by
the described materials. -->
							<!--ISAD(G): 3.1.3 Dates-->
							<unitdate datechar='created'>1990</unitdate>
							<!--Date and time of origin of a record or other entity which may vary from the creation date of the entity in the system.-->
							<!--ISAD(G): 3.1.3 Dates-->
							<unitdate datechar='originated'>1990</unitdate>
							<!--Can be represented as unitdatestructured as well.-->
							<!--unitdatestructured datechar='originated'>
								<datesingle>1990</datesingle>
							</unitdatestructured-->
							<abstract>Plan No.1</abstract>
							<!--A child element of <did> that provides a simple, unstructured statement about the
physical characteristics of the material being described. -->
							<!--ISAD(G): 3.1.5 Extent and medium of the unit-->
							<physdescstructured coverage='whole' physdescstructuredtype='spaceoccupied'>
								<quantity></quantity>
								<unittype></unittype>
							</physdescstructured>
							<dao id='dd6d0a4a-0ad6-445d-addf-aca87716d299' daotype='borndigital'
									linktitle='plan01.pdf' localtype='fullsize'
									href='file:representations/rep1/plan01.pdf'/>
							<langmaterial><languageset>
									<language langcode="eng">English</language>
									<script scriptcode="Latn"></script>
								</languageset>
							</langmaterial>
						</did>
						<!--An element for information about conditions that affect the availability of the materials being described. Not mandatory.-->
						<!--ISAD(G): 3.4.1 Conditions governing access-->
						<accessrestrict>
							<p>There are no access restrictions on this collection.</p>
						</accessrestrict>
						<!--An element for information about anticipated additions to the materials being described. Not mandatory.-->
						<!--ISAD(G): 3.3.3 Accruals-->

						<!--Related Material-->
						<relatedmaterial>
							<p></p>
						</relatedmaterial>
						<!-- If the file plan is related to an item (a record). The classification of the entity, used by child aggregations and records. -->	
						<!-- Contains an ID as an attribute.--> 						
						<fileplan id='a314739c-fe66-4b48-bf68-171ee2a462a2'>
							<head>File List</head>
							<fileplan>
								<head>Business Services (BS)</head>
								<list listtype='ordered' numeration='upper-roman'>
									<item>plan01.pdf</item>
								</list>
							</fileplan>
						</fileplan>
						<!--An element that provides information about the nature of and activities reflected in
the described materials. Not mandatory.-->
						<!--ISAD(G): 3.3.1 Scope and content-->	
						<scopecontent>
							<p>Scope and content.</p>
						</scopecontent>
						<!--An element for documenting decisions and actions related to assessing the archival value and disposition of the materials being described. Not mandatory. -->
						<!--ISAD(G): 3.3.2 Appraisal, destruction and scheduling-->	
						<appraisal>
							<chronlist>
								<chronitem>
									<datesingle>2008</datesingle>
									<event>
										<list>
											<item>
												Decision Number
											</item>
											<item>
												Decision Title
											</item>
											<item>
												Decision Description
											</item>
										</list>
									</event>
								</chronitem>
							</chronlist>
						</appraisal>
						<!--An element for information about anticipated additions to the materials being described. Not mandatory.-->
						<!--ISAD(G): 3.3.3 Accruals-->	
						<accruals>
							<p>TRUE</p>
						</accruals>
						<!--An element for describing the organization or filing sequence of the records. Not mandatory.-->
						<!--ISAD(G): 3.3.4 System of arrangement-->	
						<arrangement>
							<p>Textual description of the arrangement.</p>
						</arrangement>
						<accessrestrict>
							<chronlist>
								<chronitem>
									<daterange>
										<fromdate>1946</fromdate>
										<todate>2026</todate>
									</daterange>
									<event>
										<list>
											<item>
												Restriction type
											</item>
											<item>
												Duration of the restriction
											</item>
											<item>
												Source of the restriction
											</item>
											<item>
												Description
											</item>
										</list>
									</event>
								</chronitem>
							</chronlist>
						</accessrestrict>
						<!--For identifying any other finding aids to the materials being described. Not mandatory.-->
						<!--ISAD(G): 3.4.5 Finding aids-->	
						<otherfindaid>
							<head>Other Finding Aids</head><!--A static heading-->
							<p>The inventory of individual titles is also available in
								<ref href="itemlist.xlsx" show="new" actuate="onrequest">an Excel spreadsheet</ref>
								, which can be sorted by author, title, subject, and publication date.</p>
						</otherfindaid>
						<relatedmaterial>
							<list>
								<item>
									<list>
										<item>Related object 1</item>
										<item>Description</item>
									</list>
								</item>
								<item>
									<list>
										<item>Related object 2</item>
										<item>Description</item>
									</list>
								</item>
							</list>
						</relatedmaterial>
						<bibliography>
							<list>
								<item>Publication 1</item>
								<item>Publication 2</item>
							</list>
						</bibliography>
						<!--A child element of <did> that can express any kind of explanatory information. Not mandatory.-->
						<!--ISAD(G): 3.6.1 Note-->
						<odd localtype='Keyword'>
							<list>
								<item>Keyword 1</item>
								<item>Keyword 2</item>
							</list>
						</odd>
						<odd localtype='Comment'>
							<list>
								<item>Comment 1</item>
								<item>Comment 2</item>
							</list>
						</odd>
						<!--For encoding information about archival activities related to the described materials. Not mandatory.-->
						<!--ISAD(G): 3.7.1 Archivist's note-->	
						<processinfo>
							<chronlist>
								<chronitem>
									<datesingle>01.02.2016</datesingle>
									<event>
										<list>
											<item>
												Name
											</item>
											<item>
												Activity
											</item>
										</list>
									</event>
								</chronitem>
							</chronlist>
						</processinfo>

					</c03>
				</c02>				
			</c01>
		</dsc>
	</archdesc>
</ead>
