<?xml version="1.0" encoding="utf-8" standalone="yes"?>
<!-- This is a representation level METS.xml file -->
<!-- This representation level METS.xml file is not aware of its own root level METS file or any other segments that may exists -->
<mets xmlns:xsi="http://www.w3.org/2001/XMLSchema-instance" xmlns="http://www.loc.gov/METS/" xmlns:xlink="http://www.w3.org/1999/xlink" OBJID="" TYPE="representation:SMURFERMS" PROFILE="" xsi:schemaLocation="http://www.loc.gov/METS/ ../../schemas/mets.xsd" LABEL="rep">
	<metsHdr CREATEDATE="2016-07-20T10:23:41.5422500+03:00" LASTMODDATE="2016-07-20T10:23:41.5422500+03:00" />
	<!-- CS - LASTMODDATA only mandatory if different from CREATEDATA -->
	<amdSec ID="d53e19af-a89a-4376-b0a4-d665b9b42d4f" />
	<fileSec ID="f93747aa-ec1a-468e-b59b-17879110da70">
		<fileGrp ID="b529e3aa-8471-4af2-90b1-676507d735c6" USE="E-ARK files representation ">
			<fileGrp ID="e68f13af-8546-4252-8478-22e894f4ce4a" USE="representations" />
			<fileGrp ID="c9f60c3f-7940-4144-8634-6a66a8eda2ae" USE="data">
				<file ID="e121b067-61ae-4568-9548-a86146f55a36" MIMETYPE="application/pdf" SIZE="78010" CREATED="2016-07-20T10:23:41.6352553+03:00" CHECKSUM="6a680dcd1c3599e4f16d13a917ab31f03b09c2761b87d03300de663a95afa57e" CHECKSUMTYPE="SHA-256">
					<FLocat LOCTYPE="URL" xlink:type="simple" xlink:href="file:data/repA136.pdf" />
				</file>
			</fileGrp>
			<fileGrp ID="bfaffeb6-dffe-45dd-a2c1-b6714d210a54" USE="schemas" />
			<fileGrp ID="a61b9682-e709-4937-a421-c3f34290c1a1" USE="documentation" />
		</fileGrp>
	</fileSec>
	<structMap ID="a80ad7e3-d303-4c5d-b816-eded1cbdfcd2" TYPE="physical" LABEL="E-ARK structural map">
		<div ID="bb200e9d-ed88-4b44-9789-a6ede173cd49" LABEL="">
			<div ID="cbfac52d-4575-4ed9-a87f-13bcc2b04852" LABEL="metadata">
				<div ID="dcb955a0-9698-4ffc-b752-e3ae8904f905" LABEL="descriptive" />
				<div ID="b8583102-a56e-4d37-9586-b2c48db9bd34" LABEL="preservation" />
				<div ID="d9950137-0861-42c0-8c12-32e2b1ee3913" LABEL="other" />
			</div>
			<div ID="fe36897c-1561-4998-8682-0c1cf0e8efe0" LABEL="representations" />
			<div ID="c6b2b6a3-54c6-4775-9ad2-14d661fc8e00" LABEL="data">
				<fptr FILEID="e121b067-61ae-4568-9548-a86146f55a36" />
			</div>
			<div ID="e874fe03-7720-4219-97c3-d8073d4d5bb7" LABEL="schemas" />
			<div ID="b0bade54-c8d5-4be3-93d6-a283bca76eab" LABEL="documentation" />
		</div>
	</structMap>
</mets>