<?xml version='1.0' encoding='UTF-8'?>
<premis xmlns="info:lc/xmlns/premis-v2" xmlns:xsi="http://www.w3.org/2001/XMLSchema-instance" version="2.0" xsi:schemaLocation="info:lc/xmlns/premis-v2 ../../schemas/premis-v2-2.xsd">
  <object xmlID="IDfcf40f8f-f763-4533-9352-7e3351973cb7" xsi:type="representation">
    <objectIdentifier>
      <objectIdentifierType>repository</objectIdentifierType>
      <objectIdentifierValue>IDfcf40f8f-f763-4533-9352-7e3351973cb7</objectIdentifierValue>
    </objectIdentifier>
  </object>
  <object xmlID="ID89d1b2ca-1821-4f80-85ff-05f533ee45bb" xsi:type="file">
    <objectIdentifier>
      <objectIdentifierType>filepath</objectIdentifierType>
      <objectIdentifierValue>file://./data/northwind.siard</objectIdentifierValue>
    </objectIdentifier>
    <objectCharacteristics>
      <compositionLevel>0</compositionLevel>
      <fixity>
        <messageDigestAlgorithm>SHA-256</messageDigestAlgorithm>
        <messageDigest>5b560395bb3119e0daf57a5198ae8e57cd90c1373df1f4cfb84958933799d018</messageDigest>
        <messageDigestOriginator>hashlib</messageDigestOriginator>
      </fixity>
      <size>1134912</size>
      <format>
        <formatRegistry>
          <formatRegistryName>PRONOM</formatRegistryName>
          <formatRegistryKey>x-fmt/263</formatRegistryKey>
          <formatRegistryRole>identification</formatRegistryRole>
        </formatRegistry>
      </format>
    </objectCharacteristics>
  </object>
  <agent>
    <agentIdentifier>
      <agentIdentifierType>LOCAL</agentIdentifierType>
      <agentIdentifierValue>E-ARK Web 0.9.4</agentIdentifierValue>
    </agentIdentifier>
    <agentName>E-ARK Web</agentName>
    <agentType>Software</agentType>
  </agent>
</premis>
