<?xml version="1.0" encoding="utf-8" standalone="yes"?>
<!-- A root level METS file. -->
<!-- This root level METS.xml file is for the IP as a whole and does not describe single representations-->
<mets xmlns:xsi="http://www.w3.org/2001/XMLSchema-instance" xmlns="http://www.loc.gov/METS/" xmlns:xlink="http://www.w3.org/1999/xlink" OBJID="a4781c72-f3c6-4f1d-87f9-c53e6e3312e5" TYPE="SIP:SMURFSFSB" PROFILE="http://www.ra.ee/METS/v02/METS.xml" xsi:schemaLocation="http://www.loc.gov/METS/ schemas/mets.xsd" LABEL="root level METS file for an IP">
	<metsHdr CREATEDATE="2016-07-08T08:37:12.8931437+03:00" RECORDSTATUS="NEW" LASTMODDATE="2016-07-08T08:37:12.8931437+03:00">
		<agent ROLE="CREATOR" TYPE="OTHER" OTHERTYPE="SOFTWARE">
			<!-- The software which has been used to create the package (mandatory) -->
			<name>UAM</name>
			<!-- The name of the software -->
		</agent>
		<agent ROLE="ARCHIVIST" TYPE="ORGANIZATION">
			<!-- Archival creator (mandatory in the SIP, but not in the CS)-->
			<name>Tartu Ülikool</name>
			<!-- Name of the archival creator (mandatory)-->
			<note>EAA.123</note>
			<!-- Archival creator identification code (not mandatory) -->
		</agent>
		<agent ROLE="CREATOR" TYPE="ORGANIZATION">
			<!-- Submitting organisation (mandatory in the SIP, but not in the CS)-->
			<name>Tartu Ülikool</name>
			<!-- Name of the submitting organisation (mandatory)-->
			<note>EAA.123</note>
			<!-- Submitting organisation identification code (not mandatory) -->
		</agent>
		<agent ROLE="CREATOR" TYPE="INDIVIDUAL">
			<!-- Contact person for submission (not mandatory)-->
			<name>Tarvo Kärberg</name>
			<!-- Full name of the contact person -->
			<note></note>
			<!-- Contact information for the contact person -->
		</agent>
		<agent ROLE="PRESERVATION" TYPE="ORGANIZATION">
			<!-- Preservation organisation name (mandatory in the SIP, but not in the CS)-->
			<name>RAHVUSARHIIV</name>
			<note>70001946</note>
			<!-- Preservation organisation identification code (not mandatory) -->
		</agent>
		<metsDocumentID>a4781c72-f3c6-4f1d-87f9-c53e6e3312e5</metsDocumentID>
		<!-- CS optional, required to be equal to OBJID -->
	</metsHdr>
	<dmdSec ID="db4f08bf-1313-4ca0-8cdd-ad57244b3763">
		<!-- This dmdSec is for EAD metadata -->
		<mdRef ID="eef9b7fe-5cdc-49dc-8c32-7e53ec207758" LOCTYPE="URL" MDTYPE="EAD" MDTYPEVERSION="3" xlink:type="simple" xlink:href="file:metadata/descriptive/ead.xml" MIMETYPE="text/xml" SIZE="6283" CREATED="2016-07-08T08:37:13.0331439+03:00" CHECKSUM="acbb73f8a04d486930a4fb31dc7069e9b29ef1410bed9812782419db72396ade" CHECKSUMTYPE="SHA-256" />
	</dmdSec>
	<!-- If EAC-CPF descriptions about the archival creator exist then they should be referenced in dmdSec as a file -->
	<dmdSec ID="fb1b06c2-6a0f-4c66-9384-725cfa32a232">
		<!-- This dmdSec is for EAC-CPF metadata -->
		<mdRef ID="d2953654-a71e-4dae-95e3-2aa98e3bf87e" LOCTYPE="URL" MDTYPE="EAC-CPF" MDTYPEVERSION="2010" xlink:type="simple" xlink:href="file:metadata/descriptive/eaccpf.xml" MIMETYPE="text/xml" SIZE="4179" CREATED="2016-07-08T08:37:13.0431439+03:00" CHECKSUM="e64f7db1eb519fd8be98ef37283874a633551ec63e45a9acdfa5b4026bb06e35" CHECKSUMTYPE="SHA-256" />
	</dmdSec>
	<amdSec ID="d4b5268c-1dd9-4d50-ba88-3b9647164267" />
	<fileSec ID="b081a154-05d4-43b6-bf58-4d46870e84ba">
		<fileGrp ID="ede22d97-b766-4fd9-bdd3-b1b8efe1909a" USE="E-ARK files root">
			<fileGrp ID="b75a2d0c-167c-41fe-9fd4-20d12995c45d" USE="representations" />
			<fileGrp ID="e44db7eb-7a32-4b8f-ae3c-3e49a18f7864" USE="data" />
			<fileGrp ID="ab794591-aaac-458b-9e88-2e971610ffc2" USE="schemas">
				<file ID="d9d3919d-3c62-4512-bcd6-0210ef30199f" MIMETYPE="text/xml" SIZE="92413" CREATED="2016-07-08T08:37:13.0631440+03:00" CHECKSUM="7dd1670ae5076d69b1e70fbe4ff6788bf5f73e7d6f46c82fca16be12ba238ac9" CHECKSUMTYPE="SHA-256">
					<FLocat LOCTYPE="URL" xlink:type="simple" xlink:href="file:schemas/ead3.xsd" />
				</file>
				<file ID="d6461aae-c13b-4c49-8350-71fee2244bf2" MIMETYPE="text/xml" SIZE="134223" CREATED="2016-07-08T08:37:13.0531439+03:00" CHECKSUM="61fba351467f8cdfeb5d6cf8b29cf1bf9c181f0760bd8d43fe1e7765b6071e1c" CHECKSUMTYPE="SHA-256">
					<FLocat LOCTYPE="URL" xlink:type="simple" xlink:href="file:schemas/mets.xsd" />
				</file>
				<file ID="de8fcb23-faed-407b-a65b-15303b15c104" MIMETYPE="text/xml" SIZE="8322" CREATED="2016-07-08T08:37:13.0631440+03:00" CHECKSUM="c3dbbaa28b884377ecd4a6c49d1f12566d8227cb0dce8ced10c0f66f8fa266e3" CHECKSUMTYPE="SHA-256">
					<FLocat LOCTYPE="URL" xlink:type="simple" xlink:href="file:schemas/xlink.xsd" />
				</file>
			</fileGrp>
			<fileGrp ID="f5e43686-c285-45f6-ab36-e6330188b697" USE="documentation">
				<file ID="b34d522d-6356-4b4e-ad2f-bef6e4541b98" MIMETYPE="application/octet-stream" SIZE="673438" CREATED="2016-06-03T09:09:00.5161172+03:00" CHECKSUM="6f6f2db6eb36582f58211785982f5f95246005adfa994fd914ad0c3bb4248eac" CHECKSUMTYPE="SHA-256">
					<FLocat LOCTYPE="URL" xlink:type="simple" xlink:href="file:documentation/proto02.pdf" />
				</file>
			</fileGrp>
		</fileGrp>
	</fileSec>
	<structMap ID="ece577b3-9434-4aa4-abf0-157d1294f882" TYPE="physical" LABEL="E-ARK structural map">
		<div ID="cdb93dd5-4d6d-4b0a-a60b-6d581b75c8f7" LABEL="d6d6ccfa-65e7-4f65-9a49-fc29f6a1bbf9">
			<div ID="f2950068-f972-4d48-9ad9-aab41b0b7b91" LABEL="metadata">
				<div ID="fdacf809-467d-40a6-8998-a556f8ab1e0c" LABEL="descriptive">
					<fptr FILEID="eef9b7fe-5cdc-49dc-8c32-7e53ec207758" />
				</div>
				<div ID="f3d5a255-257a-4877-ad7a-8ff75f5410e7" LABEL="preservation" />
				<div ID="f233a37d-1122-4217-a384-7c82a245c6f0" LABEL="other" />
			</div>
			<div ID="b8392f05-a981-4b12-a6ff-125602928386" LABEL="representations">
				<div ID="c850df8e-be32-4be1-a516-13aa03c9ad5b" LABEL="rep1">
					<mptr xlink:type="simple" xlink:href="file:representations/rep1/METS.xml" LOCTYPE="URL" />
				</div>
				<div ID="e38971b1-0538-4ea6-a16f-8d012d3e5cb8" LABEL="rep2">
					<mptr xlink:type="simple" xlink:href="file:representations/rep2/METS.xml" LOCTYPE="URL" />
				</div>
			</div>
			<div ID="b2f97274-0b5e-4aa2-93c2-37f9bccc3dde" LABEL="data" />
			<div ID="bf9d63c0-2a72-4d95-bb1f-3238467fcf50" LABEL="schemas">
				<fptr FILEID="d9d3919d-3c62-4512-bcd6-0210ef30199f" />
				<fptr FILEID="d6461aae-c13b-4c49-8350-71fee2244bf2" />
				<fptr FILEID="de8fcb23-faed-407b-a65b-15303b15c104" />
			</div>
			<div ID="fa51bbbf-59d9-44fc-b126-1b55cdede0ca" LABEL="documentation">
				<fptr FILEID="b34d522d-6356-4b4e-ad2f-bef6e4541b98" />
			</div>
		</div>
	</structMap>
</mets>