<?xml version="1.0" encoding="utf-8"?>
<ead xmlns="http://ead3.archivists.org/schema/" xmlns:xsi="http://www.w3.org/2001/XMLSchema-instance" xsi:schemaLocation="http://ead3.archivists.org/schema/  ../../schemas/ead3.xsd">
	<!--A required child element of <ead> for recording bibliographic and administrative information about an EAD instance.-->
	<control>
		<!--Record Identifier. A required child element of <control> that designates a unique identifier for the EAD instance.-->
		<recordid>aa1eb1c4-a937-4345-9296-8375858e6847</recordid>
		<filedesc>
			<!--Title Statement. A required child element of <filedesc> that binds together information about the name of an encoded finding aid and those responsible for its content.-->
			<titlestmt>
				<titleproper>Tartu Ülikool</titleproper>
			</titlestmt>
			<!--Note Statement. A child element of notestmt, used to provide a general note related to the EAD instance.-->
			<notestmt>
				<controlnote>
					<p>This EAD file is compliant with the E-ARK project SMURF Specification, Version 1.0.</p>
				</controlnote>
			</notestmt>
		</filedesc>
		<!--A required child element of <control> that records the current version status of the EAD instance.-->
		<maintenancestatus value="new">text</maintenancestatus>
		<maintenanceagency>
			<agencyname>University of Tartu</agencyname>
		</maintenanceagency>
		<maintenancehistory>
			<maintenanceevent>
				<eventtype value="created"></eventtype>
				<eventdatetime>2016-07-06T13:51:36.2400000</eventdatetime>
				<agenttype value="human">text</agenttype>
				<agent>Tarvo Kärberg</agent>
			</maintenanceevent>
		</maintenancehistory>
	</control>
	<!--Archival Description. A required child element of <ead> that binds together all of the archival descriptive information in an EAD instance.-->
	<archdesc level="fonds">
		<did>
			<abstract>Report No. 3</abstract>
			<origination label="Creator">
				<name>
					<part>Tartu Riiklik Ülikool</part>
				</name>
			</origination>
		</did>
		<acqinfo>
			<p>History</p>
		</acqinfo>
		<scopecontent>
			<p>Scope and content</p>
		</scopecontent>
		<arrangement>
			<p>Arrangement</p>
		</arrangement>
		<accessrestrict>
			<p>There are no access restrictions on this collection.</p>
		</accessrestrict>
		<dsc>
			<c level="file">
				<did>
					<unitid label="current">EAA.123-1</unitid>
					<unitid label="original">EAA.123-1</unitid>
					<unitid label="archival">EAA.123.1.1</unitid>
					<unitid label="previousarchival"></unitid>
				</did>
				<accessrestrict>
					<p>There are no access restrictions on this collection.</p>
				</accessrestrict>
				<!-- An aggregation level - item -->
				<c level="item">
					<did>
						<!--Universally unique identifier for an entity that is generated automatically by the system and stays with the entity forever-->
						<unitid localtype="current">EAA.123-1-1</unitid>
						<!--The identifying name or title of the entity-->
						<unittitle>Protocol No 1</unittitle>
						<!--System set date and time when the entity was created. Can be represented as unitdatestructured as well.-->
						<unitdate datechar="created">20.01.2008</unitdate>
						<abstract>Report No. 3</abstract>
						<!--The unit used to describe the extent of the record (e.g MB, pages, num of files/components)-->
						<physdescstructured coverage="whole" physdescstructuredtype="spaceoccupied">
							<quantity>0.7518</quantity>
							<unittype>MB</unittype>
						</physdescstructured>
						<daoset label="Digital Objects">
							<dao id="d9f77dc3-0442-48d2-b4ec-fe9cbb18f0f6" daotype="borndigital" linktitle="memo.doc" href="file:../../representations/rep1/data/memo.doc" />
							<dao id="b10007a9-85f4-4b8d-80e0-bc07b6c7b5f9" daotype="borndigital" linktitle="appendix.pdf" href="file:../../representations/rep1/data/appendix.pdf" />
							<dao id="a3ba79a2-c39a-4837-bc55-ce0104b37d29" daotype="derived" linktitle="memo.pdf" href="file:../../representations/rep2/data/memo.pdf" />
						</daoset>
					</did>
					<scopecontent>
						<p>Report No. 3</p>
					</scopecontent>
					<accessrestrict>
						<chronlist>
							<chronitem>
								<daterange>
									<fromdate>01.07.2016</fromdate>
									<todate>01.07.2036</todate>
								</daterange>
								<event>
									<list>
										<item>DEI</item>
										<item>20 years</item>
										<item>Source of the restriction.</item>
										<item>A longer description if reguired.</item>
									</list>
								</event>
							</chronitem>
						</chronlist>
					</accessrestrict>
					<processinfo>
						<chronlist>
							<chronitem>
								<datesingle>20.07.2016</datesingle>
								<event>
									<list>
										<item>Tarvo Kärberg</item>
										<item>Manually added computer file: C:\Users\tarvo\Desktop\test.doc</item>
									</list>
								</event>
							</chronitem>
							<chronitem>
								<datesingle>20.07.2016</datesingle>
								<event>
									<list>
										<item>Tarvo Kärberg</item>
										<item>Manually added computer file: C:\Users\tarvo\Desktop\projektid 2016\Riia\Day 2\UAM\UAM input\proto02.pdf</item>
									</list>
								</event>
							</chronitem>
							<chronitem>
								<datesingle>20.07.2016</datesingle>
								<event>
									<list>
										<item>Tarvo Kärberg</item>
										<item>Deleted Fail:  memo.doc</item>
									</list>
								</event>
							</chronitem>
							<chronitem>
								<datesingle>20.07.2016</datesingle>
								<event>
									<list>
										<item>Tarvo Kärberg</item>
										<item>Deleted Fail:  memo.pdf</item>
									</list>
								</event>
							</chronitem>
						</chronlist>
					</processinfo>
					<!--Other Descriptive Data-->
					<odd localtype="persons">
						<odd localtype="person1">
							<odd localtype="forname">
								<list>
									<item>First Name 1</item>
								</list>
							</odd>
							<odd localtype="surname">
								<list>
									<item>Last Name 1</item>
								</list>
							</odd>
							<odd localtype="address">
								<odd localtype="street">
									<list>
										<item>Street 1</item>
									</list>
								</odd>
								<odd localtype="city">
									<list>
										<item>City 1</item>
									</list>
								</odd>
								<odd localtype="country">
									<list>
										<item>Country 1</item>
									</list>
								</odd>
							</odd>
						</odd>
						<odd localtype="person2">
							<odd localtype="forname">
								<list>
									<item>First Name 2</item>
								</list>
							</odd>
							<odd localtype="surname">
								<list>
									<item>Last Name 2</item>
								</list>
							</odd>
							<odd localtype="address">
								<odd localtype="street">
									<list>
										<item>Street 2</item>
									</list>
								</odd>
								<odd localtype="city">
									<list>
										<item>City 2</item>
									</list>
								</odd>
								<odd localtype="country">
									<list>
										<item>Country 2</item>
									</list>
								</odd>
							</odd>
						</odd>
					</odd>
					<odd localtype="phonebook">
						<odd localtype="rows">
							<odd localtype="row">
								<odd localtype="name">
									<list>
										<item>1</item>
									</list>
								</odd>
								<odd localtype="number">
									<list>
										<item>1</item>
									</list>
								</odd>
							</odd>
							<odd localtype="row">
								<odd localtype="name">
									<list>
										<item>2</item>
									</list>
								</odd>
								<odd localtype="number">
									<list>
										<item>2</item>
									</list>
								</odd>
							</odd>
							<odd localtype="row">
								<odd localtype="name">
									<list>
										<item>3</item>
									</list>
								</odd>
								<odd localtype="number">
									<list>
										<item>3</item>
									</list>
								</odd>
							</odd>
						</odd>
					</odd>
				</c>
			</c>
		</dsc>
	</archdesc>
</ead>