<?xml version="1.0" encoding="utf-8" standalone="yes"?>
<!-- A root level METS file. -->
<!-- This root level METS.xml file is for the IP as a whole and does not describe single representations-->
<mets xmlns:xsi="http://www.w3.org/2001/XMLSchema-instance" xmlns="http://www.loc.gov/METS/" xmlns:xlink="http://www.w3.org/1999/xlink" OBJID="c4de7aca-e227-481a-a51b-c384bba5e943" TYPE="SIP:SMURFERMS" PROFILE="http://www.ra.ee/METS/v02/METS.xml" xsi:schemaLocation="http://www.loc.gov/METS/ schemas/mets.xsd" LABEL="root level METS file for an IP">
	<metsHdr CREATEDATE="2016-07-14T15:57:29.7064741+03:00" RECORDSTATUS="NEW" LASTMODDATE="2016-07-14T15:57:29.7064741+03:00">
		<agent ROLE="CREATOR" TYPE="OTHER" OTHERTYPE="SOFTWARE">
			<!-- The software which has been used to create the package (mandatory) -->
			<name>UAM</name>
			<!-- The name of the software -->
		</agent>
		<agent ROLE="ARCHIVIST" TYPE="ORGANIZATION">
			<!-- Archival creator (mandatory in the SIP, but not in the CS)-->
			<name>Tartu Ülikool</name>
			<!-- Name of the archival creator (mandatory)-->
			<note>EAA.123</note>
			<!-- Archival creator identification code (not mandatory) -->
		</agent>
		<agent ROLE="CREATOR" TYPE="ORGANIZATION">
			<!-- Submitting organisation (mandatory in the SIP, but not in the CS)-->
			<name>Tartu Ülikool</name>
			<!-- Name of the submitting organisation (mandatory)-->
			<note>EAA.123</note>
			<!-- Submitting organisation identification code (not mandatory) -->
		</agent>
		<agent ROLE="CREATOR" TYPE="INDIVIDUAL">
			<!-- Contact person for submission (not mandatory)-->
			<name>Tarvo Kärberg</name>
			<!-- Full name of the contact person -->
			<note></note>
			<!-- Contact information for the contact person -->
		</agent>
		<agent ROLE="PRESERVATION" TYPE="ORGANIZATION">
			<!-- Preservation organisation name (mandatory in the SIP, but not in the CS)-->
			<name>RAHVUSARHIIV</name>
			<note>70001946</note>
			<!-- Preservation organisation identification code (not mandatory) -->
		</agent>
		<metsDocumentID>c4de7aca-e227-481a-a51b-c384bba5e943</metsDocumentID>
		<!-- CS optional, required to be equal to OBJID -->
	</metsHdr>
	<dmdSec ID="e4530a84-a5e0-47ce-80b0-c086f93bf1d5">
		<!-- This dmdSec is for EAD metadata -->
		<mdRef ID="ca576ee5-ac2e-4031-a078-8ef92118acd1" LOCTYPE="URL" MDTYPE="EAD" MDTYPEVERSION="3" xlink:type="simple" xlink:href="file:metadata/descriptive/ead.xml" MIMETYPE="text/xml" SIZE="7906" CREATED="2016-07-14T15:57:29.8488744+03:00" CHECKSUM="4f965f978238e991288a64d3f02587f52b337524bf2b9781dd30a69dac8f5120" CHECKSUMTYPE="SHA-256" />
	</dmdSec>
	<!-- If EAC-CPF descriptions about the archival creator exist then they should be referenced in dmdSec as a file -->
	<dmdSec ID="ab97fbe2-7e17-4566-a1a8-6f068703d87c">
		<!-- This dmdSec is for EAC-CPF metadata -->
		<mdRef ID="c345b80a-ec15-4edb-bbd2-5b0ab705f22e" LOCTYPE="URL" MDTYPE="EAC-CPF" MDTYPEVERSION="2010" xlink:type="simple" xlink:href="file:metadata/descriptive/eaccpf.xml" MIMETYPE="text/xml" SIZE="4173" CREATED="2016-07-14T15:57:29.8644744+03:00" CHECKSUM="2d63b4de2bb48cb2ae2bf9f5a4a280461cf026895d601cba2ec80cf1425ae77d" CHECKSUMTYPE="SHA-256" />
	</dmdSec>
	<amdSec ID="c76080bc-2f6e-4970-8b7e-a2c43879809b" />
	<fileSec ID="babe0cce-94fb-4a33-9803-bc76d2cae1ec">
		<fileGrp ID="a7ac026a-5d75-4be2-b6a8-5ae19ef5486b" USE="E-ARK files root">
			<fileGrp ID="f70b4890-d6b9-4897-b4bf-8bea5fb66cf6" USE="representations" />
			<fileGrp ID="ecbc4bd6-2168-4e7e-93c0-a115d0e372ef" USE="data" />
			<fileGrp ID="e44a0f22-43f0-4908-a1db-03f78ac604ab" USE="schemas">
				<file ID="d3eab0cb-2672-4a09-9948-be2f2023e055" MIMETYPE="text/xml" SIZE="92413" CREATED="2016-07-14T15:57:29.8800745+03:00" CHECKSUM="7dd1670ae5076d69b1e70fbe4ff6788bf5f73e7d6f46c82fca16be12ba238ac9" CHECKSUMTYPE="SHA-256">
					<FLocat LOCTYPE="URL" xlink:type="simple" xlink:href="file:schemas/ead3.xsd" />
				</file>
				<file ID="e992843e-bfcc-4d86-94ee-d6d7e03528e3" MIMETYPE="text/xml" SIZE="134223" CREATED="2016-07-14T15:57:29.8800745+03:00" CHECKSUM="61fba351467f8cdfeb5d6cf8b29cf1bf9c181f0760bd8d43fe1e7765b6071e1c" CHECKSUMTYPE="SHA-256">
					<FLocat LOCTYPE="URL" xlink:type="simple" xlink:href="file:schemas/mets.xsd" />
				</file>
				<file ID="ea9c2ecc-651e-458f-857a-3721a0f37d2e" MIMETYPE="text/xml" SIZE="8322" CREATED="2016-07-14T15:57:29.8956745+03:00" CHECKSUM="c3dbbaa28b884377ecd4a6c49d1f12566d8227cb0dce8ced10c0f66f8fa266e3" CHECKSUMTYPE="SHA-256">
					<FLocat LOCTYPE="URL" xlink:type="simple" xlink:href="file:schemas/xlink.xsd" />
				</file>
			</fileGrp>
			<fileGrp ID="dd68e77f-4eab-4f87-a230-9631a5588769" USE="documentation">
				<file ID="b9f4a79d-d481-4fc4-9b7c-76015e7f6b97" MIMETYPE="application/octet-stream" SIZE="673438" CREATED="2016-07-14T14:56:11.4531811+03:00" CHECKSUM="6f6f2db6eb36582f58211785982f5f95246005adfa994fd914ad0c3bb4248eac" CHECKSUMTYPE="SHA-256">
					<FLocat LOCTYPE="URL" xlink:type="simple" xlink:href="file:documentation/proto02.pdf" />
				</file>
			</fileGrp>
		</fileGrp>
	</fileSec>
	<structMap ID="e661bd89-2189-440e-aec7-ad7000c3e392" TYPE="physical" LABEL="E-ARK structural map">
		<div ID="e3da18a8-ee9b-456a-a522-e0fb1133472e" LABEL="c9d03e80-c7e0-431b-bacc-8c9eb60d5526">
			<div ID="fa4d0829-abea-402c-9dbe-6bba6518fcb0" LABEL="metadata">
				<div ID="a707f333-ca0b-4945-b39e-cb26867dbd13" LABEL="descriptive">
					<fptr FILEID="ca576ee5-ac2e-4031-a078-8ef92118acd1" />
				</div>
				<div ID="b4cf16af-24a6-4dd4-b699-e59abf489b6a" LABEL="preservation" />
				<div ID="b4d669f1-5768-4101-8792-8a411317e3d9" LABEL="other" />
			</div>
			<div ID="a30ac980-1cd9-4a19-be67-cf6ee8b605c5" LABEL="representations">
				<div ID="c5a21c55-8c10-430e-b65e-827d8bd75144" LABEL="rep1">
					<mptr xlink:type="simple" xlink:href="file:representations/rep1/METS.xml" LOCTYPE="URL" />
				</div>
				<div ID="e939dd68-61af-476e-9e17-690909aed111" LABEL="rep2">
					<mptr xlink:type="simple" xlink:href="file:representations/rep2/METS.xml" LOCTYPE="URL" />
				</div>
			</div>
			<div ID="e6cb1dfe-b982-4950-a75f-8bc9d9c6f247" LABEL="data" />
			<div ID="d6f63590-9976-4dd3-92af-239bba6b4305" LABEL="schemas">
				<fptr FILEID="d3eab0cb-2672-4a09-9948-be2f2023e055" />
				<fptr FILEID="e992843e-bfcc-4d86-94ee-d6d7e03528e3" />
				<fptr FILEID="ea9c2ecc-651e-458f-857a-3721a0f37d2e" />
			</div>
			<div ID="ede76d97-6418-4d13-9201-9240fb23947f" LABEL="documentation">
				<fptr FILEID="b9f4a79d-d481-4fc4-9b7c-76015e7f6b97" />
			</div>
		</div>
	</structMap>
</mets>