<?xml version='1.0' encoding='UTF-8'?>
<mets xmlns:ext="ExtensionMETS" xmlns:xsi="http://www.w3.org/2001/XMLSchema-instance" xmlns:xlink="http://www.w3.org/1999/xlink" xmlns="http://www.loc.gov/METS/" PROFILE="http://www.ra.ee/METS/v01/IP.xml" TYPE="SIP" OBJID="urn:uuid:19d08572-9f72-4472-a211-47cda2261527" LABEL="METS file describing the SIP matching the OBJID." xsi:schemaLocation="http://www.loc.gov/METS/ ../../schemas/mets_1_11.xsd http://www.w3.org/1999/xlink ../../schemas/xlink.xsd">
  <metsHdr RECORDSTATUS="NEW" CREATEDATE="2017-01-23T11:18:15">
    <agent TYPE="OTHER" ROLE="CREATOR" OTHERTYPE="SOFTWARE">
      <name>E-ARK earkweb</name>
      <note>VERSION=0.0.1</note>
    </agent>
    <metsDocumentID>METS.xml</metsDocumentID>
  </metsHdr>
  <amdSec ID="IDfac28242-af75-4954-ab72-a0cc76f8d213">
    <digiprovMD ID="ID31d985b0-80ae-404b-b691-aad77b9aa494">
      <mdRef MIMETYPE="application/xml" xlink:href="file://./metadata/preservation/premis.xml" LOCTYPE="URL" CREATED="2017-01-23T11:18:15" CHECKSUM="30f507e0b22213b4f2e00443a57ded2bd853a70e31815cf0fe9eeda06d3def9c" xlink:type="simple" ID="IDf47c4671-4289-47b9-91eb-d221f2fe8877" MDTYPE="PREMIS" CHECKSUMTYPE="SHA-256"/>
    </digiprovMD>
  </amdSec>
  <fileSec>
    <fileGrp USE="general filegroup" ID="ID7dfbe4cd-743f-421a-a0b5-0c02c2409004">
      <file MIMETYPE="None" USE="Datafile" CHECKSUMTYPE="SHA-256" CREATED="2017-01-23T11:01:33" CHECKSUM="5b560395bb3119e0daf57a5198ae8e57cd90c1373df1f4cfb84958933799d018" ID="IDaed3c66c-2436-425b-849c-d3a616c69753" SIZE="1134912">
        <FLocat xlink:href="file://./data/northwind.siard" xlink:type="simple" LOCTYPE="URL"/>
      </file>
    </fileGrp>
  </fileSec>
  <structMap TYPE="physical" LABEL="E-ARK structural map">
    <div LABEL="19d08572-9f72-4472-a211-47cda2261527">
      <div LABEL="schemas"/>
      <div LABEL="data">
        <fptr FILEID="IDaed3c66c-2436-425b-849c-d3a616c69753"/>
      </div>
      <div LABEL="metadata">
        <fptr FILEID="IDf47c4671-4289-47b9-91eb-d221f2fe8877"/>
      </div>
      <div LABEL="documentation"/>
    </div>
  </structMap>
  <structMap TYPE="logical" LABEL="Simple SIP structuring">
    <div LABEL="Package structure">
      <div LABEL="metadata files">
        <fptr FILEID="IDf47c4671-4289-47b9-91eb-d221f2fe8877"/>
      </div>
      <div LABEL="schema files"/>
      <div LABEL="content files">
        <fptr FILEID="IDaed3c66c-2436-425b-849c-d3a616c69753"/>
      </div>
    </div>
  </structMap>
</mets>
