<?xml version='1.0' encoding='UTF-8'?>
<premis xmlns="info:lc/xmlns/premis-v2" xmlns:xsi="http://www.w3.org/2001/XMLSchema-instance" version="2.0" xsi:schemaLocation="info:lc/xmlns/premis-v2 ../../schemas/premis-v2-2.xsd">
  <object xmlID="ID528b13b7-bfb7-4c47-a6ad-e89b36482f9c" xsi:type="representation">
    <objectIdentifier>
      <objectIdentifierType>repository</objectIdentifierType>
      <objectIdentifierValue>ID528b13b7-bfb7-4c47-a6ad-e89b36482f9c</objectIdentifierValue>
    </objectIdentifier>
  </object>
  <event><eventIdentifier><eventIdentifierType>local</eventIdentifierType><eventIdentifierValue>ID4edf84aa-f5c1-4040-ada5-94a22c5c90ca</eventIdentifierValue></eventIdentifier><eventType>SIP Package Metadata Creation</eventType><eventDateTime>2017-01-23T11:18:15</eventDateTime><eventOutcomeInformation><eventOutcome>success</eventOutcome></eventOutcomeInformation><linkingAgentIdentifier><linkingAgentIdentifierType>software</linkingAgentIdentifierType><linkingAgentIdentifierValue>E-ARK Web 0.9.4 (task: SIPPackageMetadataCreation)</linkingAgentIdentifierValue></linkingAgentIdentifier><linkingObjectIdentifier><linkingObjectIdentifierType>repository</linkingObjectIdentifierType><linkingObjectIdentifierValue>19d08572-9f72-4472-a211-47cda2261527</linkingObjectIdentifierValue></linkingObjectIdentifier></event><agent>
    <agentIdentifier>
      <agentIdentifierType>LOCAL</agentIdentifierType>
      <agentIdentifierValue>E-ARK Web 0.9.4</agentIdentifierValue>
    </agentIdentifier>
    <agentName>E-ARK Web</agentName>
    <agentType>Software</agentType>
  </agent>
</premis>
