<?xml version='1.0' encoding='UTF-8'?>
<premis xmlns="info:lc/xmlns/premis-v2" xmlns:xsi="http://www.w3.org/2001/XMLSchema-instance" version="2.0" xsi:schemaLocation="info:lc/xmlns/premis-v2 ../../schemas/premis-v2-2.xsd">
  <object xmlID="IDd34fdb04-25cc-4126-afab-a62264559545" xsi:type="representation">
    <objectIdentifier>
      <objectIdentifierType>repository</objectIdentifierType>
      <objectIdentifierValue>IDd34fdb04-25cc-4126-afab-a62264559545</objectIdentifierValue>
    </objectIdentifier>
  </object>
  <event><eventIdentifier><eventIdentifierType>local</eventIdentifierType><eventIdentifierValue>ID7c1f2fb9-d510-49d5-9156-1d19fbca52b8</eventIdentifierValue></eventIdentifier><eventType>SIP Package Metadata Creation</eventType><eventDateTime>2017-01-23T11:45:15</eventDateTime><eventOutcomeInformation><eventOutcome>success</eventOutcome></eventOutcomeInformation><linkingAgentIdentifier><linkingAgentIdentifierType>software</linkingAgentIdentifierType><linkingAgentIdentifierValue>E-ARK Web 0.9.4 (task: SIPPackageMetadataCreation)</linkingAgentIdentifierValue></linkingAgentIdentifier><linkingObjectIdentifier><linkingObjectIdentifierType>repository</linkingObjectIdentifierType><linkingObjectIdentifierValue>36cd9dbd-0b34-4975-96f3-100f5cb6b0c2</linkingObjectIdentifierValue></linkingObjectIdentifier></event><agent>
    <agentIdentifier>
      <agentIdentifierType>LOCAL</agentIdentifierType>
      <agentIdentifierValue>E-ARK Web 0.9.4</agentIdentifierValue>
    </agentIdentifier>
    <agentName>E-ARK Web</agentName>
    <agentType>Software</agentType>
  </agent>
</premis>
