<?xml version="1.0" encoding="utf-8" standalone="yes"?>
<!-- This is a representation level METS.xml file -->
<!-- This representation level METS.xml file is not aware of its own root level METS file or any other segments that may exists -->
<mets xmlns:xsi="http://www.w3.org/2001/XMLSchema-instance" xmlns="http://www.loc.gov/METS/" xmlns:xlink="http://www.w3.org/1999/xlink" OBJID="" TYPE="representation:SMURFSFSB" PROFILE="" xsi:schemaLocation="http://www.loc.gov/METS/ ../../schemas/mets.xsd" LABEL="rep">
	<metsHdr CREATEDATE="2016-07-20T10:35:41.2854170+03:00" LASTMODDATE="2016-07-20T10:35:41.2854170+03:00" />
	<!-- CS - LASTMODDATA only mandatory if different from CREATEDATA -->
	<amdSec ID="b44ba6a9-c801-4e0c-a852-e4429d287971" />
	<fileSec ID="e6fc7cd0-8562-44ea-94a9-2d437cb30569">
		<fileGrp ID="a4e170e1-5a02-4cc2-bf3e-fe81848eca2e" USE="E-ARK files representation ">
			<fileGrp ID="f36549fc-b236-46b7-8839-893a99796ba6" USE="representations" />
			<fileGrp ID="e351a916-943c-4d34-9d29-f0e811272776" USE="data">
				<file ID="a1011f6c-4e85-47e5-bccc-cd9c23a87c67" MIMETYPE="application/msword" SIZE="23040" CREATED="2016-07-20T10:35:41.3744221+03:00" CHECKSUM="8e86c86220cd14fe0aba15316c80668b654b26051991fbfae58215c66cac2c05" CHECKSUMTYPE="SHA-256">
					<FLocat LOCTYPE="URL" xlink:type="simple" xlink:href="file:data/memo.doc" />
				</file>
				<file ID="ca6cf9a2-ff74-4ff4-b3ed-5f31443037d4" MIMETYPE="application/pdf" SIZE="673438" CREATED="2016-07-20T10:35:41.3804224+03:00" CHECKSUM="6f6f2db6eb36582f58211785982f5f95246005adfa994fd914ad0c3bb4248eac" CHECKSUMTYPE="SHA-256">
					<FLocat LOCTYPE="URL" xlink:type="simple" xlink:href="file:data/appendix.pdf" />
				</file>
			</fileGrp>
			<fileGrp ID="c294644e-7505-4cb9-a502-7abd9e4238ee" USE="schemas" />
			<fileGrp ID="d3f00ee2-b70d-4efc-94de-bb877c1403a1" USE="documentation" />
		</fileGrp>
	</fileSec>
	<structMap ID="a21c62ff-17f3-4c71-9065-0ca941b37a59" TYPE="physical" LABEL="E-ARK structural map">
		<div ID="f02f03ea-5f11-4d7f-bc07-9dea83ea2bee" LABEL="">
			<div ID="a2987bc9-618c-4f4b-a357-f62cccca1165" LABEL="metadata">
				<div ID="cda5a54d-4699-4fcd-9f0e-f61c644beb00" LABEL="descriptive" />
				<div ID="d505ac60-43bc-4929-aa7c-c986cd9e4856" LABEL="preservation" />
				<div ID="ec91afc1-1fab-410d-89ca-cd4bd170e16e" LABEL="other" />
			</div>
			<div ID="abc7a3ca-8868-4696-967a-e5fa4568d528" LABEL="representations" />
			<div ID="e5e81be7-3fee-4b47-a686-1e325009997d" LABEL="data">
				<fptr FILEID="a1011f6c-4e85-47e5-bccc-cd9c23a87c67" />
				<fptr FILEID="ca6cf9a2-ff74-4ff4-b3ed-5f31443037d4" />
			</div>
			<div ID="b0ed8f0e-47bd-4761-9d64-2b9ec9b50310" LABEL="schemas" />
			<div ID="f2599af7-e2a4-478a-8842-0859bac29837" LABEL="documentation" />
		</div>
	</structMap>
</mets>