<?xml version="1.0" encoding="utf-8" standalone="yes"?>
<!-- This is a representation level METS.xml file -->
<!-- This representation level METS.xml file is not aware of its own root level METS file or any other segments that may exists -->
<mets xmlns:xsi="http://www.w3.org/2001/XMLSchema-instance" xmlns="http://www.loc.gov/METS/" xmlns:xlink="http://www.w3.org/1999/xlink" OBJID="" TYPE="representation:SMURFERMS" PROFILE="" xsi:schemaLocation="http://www.loc.gov/METS/ ../../schemas/mets.xsd" LABEL="rep">
	<metsHdr CREATEDATE="2016-07-14T15:57:29.7064741+03:00" LASTMODDATE="2016-07-14T15:57:29.7064741+03:00" />
	<!-- CS - LASTMODDATA only mandatory if different from CREATEDATA -->
	<amdSec ID="d2dca7a1-7794-4e97-8f25-27892708da16" />
	<fileSec ID="b088bd2b-a7b0-4c8b-8704-96199f624902">
		<fileGrp ID="bc4b1f7b-d8e5-41e5-a94d-9d866132c047" USE="E-ARK files representation ">
			<fileGrp ID="ef70acfb-7345-4c79-b63a-0fe2c9f3aa07" USE="representations" />
			<fileGrp ID="c052aef2-9e20-473d-8546-fa562f4ff8b3" USE="data">
				<file ID="b5446b70-c0c8-44d8-8d93-553a9f23e04c" MIMETYPE="application/msword" SIZE="14483" CREATED="2016-07-14T15:57:29.7708743+03:00" CHECKSUM="dcb5d90b475ac6bd2917b4e5a4ffdbb0bb660038189aae14c6cd76b0c056fbca" CHECKSUMTYPE="SHA-256">
					<FLocat LOCTYPE="URL" xlink:type="simple" xlink:href="file:data/repA136.doc" />
				</file>
			</fileGrp>
			<fileGrp ID="dc466822-0b36-4a54-805a-150038ffa4d7" USE="schemas" />
			<fileGrp ID="a0e504ed-d635-4e87-ab4e-b2cdfd630ff9" USE="documentation" />
		</fileGrp>
	</fileSec>
	<structMap ID="c95b3b72-f96b-4fb8-9eed-89041bb11403" TYPE="physical" LABEL="E-ARK structural map">
		<div ID="d189c542-f223-48b5-82c9-632538eb2304" LABEL="">
			<div ID="e3737fab-acfb-4e06-b102-d46434c0af28" LABEL="metadata">
				<div ID="b5508bc1-a90a-4c0c-960a-aed5e62c2a26" LABEL="descriptive" />
				<div ID="cedd9814-d81e-464f-ba28-57e4475f5d9e" LABEL="preservation" />
				<div ID="c5147160-9653-4055-9153-9a198070e9f9" LABEL="other" />
			</div>
			<div ID="aab22a94-daa3-4c03-bd24-8b62836f00cd" LABEL="representations" />
			<div ID="a7c0dd93-496d-47a9-90d1-11980e008f36" LABEL="data">
				<fptr FILEID="b5446b70-c0c8-44d8-8d93-553a9f23e04c" />
			</div>
			<div ID="e3a74f3f-cf27-4445-9e3c-950735136ee0" LABEL="schemas" />
			<div ID="be5fa58b-65a9-40cb-bf07-18ad37c1503d" LABEL="documentation" />
		</div>
	</structMap>
</mets>