<?xml version="1.0" encoding="utf-8" standalone="yes"?>
<!-- This is a representation level METS.xml file -->
<!-- This representation level METS.xml file is not aware of its own root level METS file or any other segments that may exists -->
<mets xmlns:xsi="http://www.w3.org/2001/XMLSchema-instance" xmlns="http://www.loc.gov/METS/" xmlns:xlink="http://www.w3.org/1999/xlink" OBJID="" TYPE="representation:SMURFSFSB" PROFILE="" xsi:schemaLocation="http://www.loc.gov/METS/ ../../schemas/mets.xsd" LABEL="rep">
	<metsHdr CREATEDATE="2016-07-20T10:35:41.2884171+03:00" LASTMODDATE="2016-07-20T10:35:41.2884171+03:00" />
	<!-- CS - LASTMODDATA only mandatory if different from CREATEDATA -->
	<amdSec ID="e7cff1f7-cc63-4728-a91c-f29e3db6e57d" />
	<fileSec ID="ec7a651f-e0db-42d1-825b-b9a3d2af18d1">
		<fileGrp ID="c3916884-fbcc-47a3-ac33-4c3a75c5123d" USE="E-ARK files representation ">
			<fileGrp ID="f0ca7405-8e25-4bb9-b3b4-5d0ce35d44fb" USE="representations" />
			<fileGrp ID="edc73a70-04a7-4967-9ac2-b44a393a4377" USE="data">
				<file ID="d62efb0f-d6db-4b10-adc6-1fe9d6828b02" MIMETYPE="application/pdf" SIZE="91827" CREATED="2016-07-20T10:35:41.3784223+03:00" CHECKSUM="a7e5ee38f0744b52ae68e07142e5a7fc0df86ef2856178dacd1fa6d6b3afbd2c" CHECKSUMTYPE="SHA-256">
					<FLocat LOCTYPE="URL" xlink:type="simple" xlink:href="file:data/memo.pdf" />
				</file>
			</fileGrp>
			<fileGrp ID="b0ffcb3b-9abd-4e62-98a6-67513e5475df" USE="schemas" />
			<fileGrp ID="aa9c7221-fd5c-4056-8162-e9b509b38a24" USE="documentation" />
		</fileGrp>
	</fileSec>
	<structMap ID="b5c8397a-4bdd-493a-862d-574cf279dae9" TYPE="physical" LABEL="E-ARK structural map">
		<div ID="dcd0f471-805d-49de-9151-b481416d121f" LABEL="">
			<div ID="f289b9be-7882-414f-a980-4299a412f7ff" LABEL="metadata">
				<div ID="eb45346f-366d-44b8-9fd1-845bb8398b61" LABEL="descriptive" />
				<div ID="a31759c3-8e69-4fb9-a6b8-12bf210af552" LABEL="preservation" />
				<div ID="c9ee92ed-1c94-44d8-8f17-2d48ed22455f" LABEL="other" />
			</div>
			<div ID="c915aee1-067b-47f1-94a8-581b304dc8ae" LABEL="representations" />
			<div ID="a64a7bc4-5770-4129-ab10-c51435622ffe" LABEL="data">
				<fptr FILEID="d62efb0f-d6db-4b10-adc6-1fe9d6828b02" />
			</div>
			<div ID="ada2396f-9eee-4a28-83d0-c1754991756c" LABEL="schemas" />
			<div ID="b7a78e58-1eff-49b3-9b92-472317cafe1f" LABEL="documentation" />
		</div>
	</structMap>
</mets>