<?xml version='1.0' encoding='UTF-8'?>
<mets xmlns:ext="ExtensionMETS" xmlns:xsi="http://www.w3.org/2001/XMLSchema-instance" xmlns:xlink="http://www.w3.org/1999/xlink" xmlns="http://www.loc.gov/METS/" PROFILE="http://www.ra.ee/METS/v01/IP.xml" TYPE="SIP" OBJID="urn:uuid:19d08572-9f72-4472-a211-47cda2261527" LABEL="METS file describing the SIP matching the OBJID." xsi:schemaLocation="http://www.loc.gov/METS/ schemas/mets_1_11.xsd http://www.w3.org/1999/xlink schemas/xlink.xsd">
  <metsHdr RECORDSTATUS="NEW" CREATEDATE="2017-01-23T11:18:15">
    <agent TYPE="OTHER" ROLE="CREATOR" OTHERTYPE="SOFTWARE">
      <name>E-ARK earkweb</name>
      <note>VERSION=0.0.1</note>
    </agent>
    <metsDocumentID>METS.xml</metsDocumentID>
  </metsHdr>
  <dmdSec ID="ID6e8edb3e-b64a-4691-90e0-97de2a507d50">
    <mdRef MIMETYPE="application/xml" xlink:href="file://./metadata/descriptive/EAD.xml" LOCTYPE="URL" CREATED="2017-01-23T11:18:15" CHECKSUM="6772b1e6467fbbaa582730d3d31114617744d7fe75e13770b5b1107f9133d56b" xlink:type="simple" ID="IDd5a37526-b1eb-44ae-930b-ad9a6978dc93" MDTYPE="EAD" CHECKSUMTYPE="SHA-256"/>
  </dmdSec>
  <amdSec ID="ID6b7d4627-852c-465d-a0b1-f8659867103c">
    <digiprovMD ID="IDa87d2928-1723-4441-ab78-cfc870c96203">
      <mdRef MIMETYPE="text/plain" xlink:href="file://./metadata/earkweb.log" LOCTYPE="URL" CREATED="2017-01-23T11:18:15" CHECKSUM="0f9256233383d94e74c028043102383e1c4da69a216b871160737655cf64ceba" xlink:type="simple" ID="IDe884a5af-df2f-469e-b231-56e4e64c9e0a" MDTYPE="OTHER" CHECKSUMTYPE="SHA-256"/>
    </digiprovMD>
    <digiprovMD ID="ID12a0c2ef-f2a8-4f50-a35e-8134da5619ac">
      <mdRef MIMETYPE="application/xml" xlink:href="file://./metadata/preservation/premis.xml" LOCTYPE="URL" CREATED="2017-01-23T11:18:15" CHECKSUM="27a947f2a2f9fbee4118c6b205013f0c44b3495e3fbcb242daaa4a429a6d995f" xlink:type="simple" ID="ID764f8573-fc4e-4667-a854-d5f9b6d1e90e" MDTYPE="PREMIS" CHECKSUMTYPE="SHA-256"/>
    </digiprovMD>
  </amdSec>
  <fileSec>
    <fileGrp USE="general filegroup" ID="ID51f18ade-726b-4903-9692-575b9339623c">
      <file MIMETYPE="application/xml" USE="Datafile" CHECKSUMTYPE="SHA-256" CREATED="2017-01-23T11:18:15" CHECKSUM="c2950b7b89f90bfede68ed016e597ead4398c5f712f350a11fc0a3c9c4ff2c9f" ID="ID76956605-fc11-4073-ad69-5c321dc88c7f" SIZE="2485">
        <FLocat xlink:href="file://./representations/AVID.SA.18006_rep0/METS.xml" xlink:type="simple" LOCTYPE="URL"/>
      </file>
      <file MIMETYPE="application/xml" USE="Datafile" CHECKSUMTYPE="SHA-256" CREATED="2017-01-23T09:47:05" CHECKSUM="0d47e53f21e2e44f48794287afae759bace86a0622a1dfb1fa44a1a982abddd7" ID="IDad2844a0-c28b-42b3-b0da-70c5a2facd1d" SIZE="65126">
        <FLocat xlink:href="file://./schemas/premis-v2-2.xsd" xlink:type="simple" LOCTYPE="URL"/>
      </file>
      <file MIMETYPE="application/xml" USE="Datafile" CHECKSUMTYPE="SHA-256" CREATED="2017-01-23T11:02:14" CHECKSUM="efec5739924b05e357f80f34c1bdd643ba795b04b65e413f81adb424ad851f42" ID="IDd547aa5b-2df9-4aa0-a023-31a4e5bd2985" SIZE="92510">
        <FLocat xlink:href="file://./schemas/ead3.xsd" xlink:type="simple" LOCTYPE="URL"/>
      </file>
      <file MIMETYPE="application/xml" USE="Datafile" CHECKSUMTYPE="SHA-256" CREATED="2017-01-23T09:47:05" CHECKSUM="dc8133202b61715fa2e52229bda041aed4e586f4b3b21109a40222391ac614f8" ID="IDd3b61890-e7e0-4546-816f-d11681d99e15" SIZE="145430">
        <FLocat xlink:href="file://./schemas/IP.xsd" xlink:type="simple" LOCTYPE="URL"/>
      </file>
      <file MIMETYPE="application/xml" USE="Datafile" CHECKSUMTYPE="SHA-256" CREATED="2017-01-23T09:47:05" CHECKSUM="f1f5bb6003165cdd8f6c1fcc32f8fd1f965e1681010f3b9806d9460bcffa8a3c" ID="ID39bf90ad-c77b-493d-a2d6-dcbfcc89757a" SIZE="3180">
        <FLocat xlink:href="file://./schemas/xlink.xsd" xlink:type="simple" LOCTYPE="URL"/>
      </file>
      <file MIMETYPE="application/xml" USE="Datafile" CHECKSUMTYPE="SHA-256" CREATED="2017-01-23T09:47:05" CHECKSUM="a20b879caff4e304ee8900aa9652a8a532c54c450e89381ba034d1f7cf1ab1c9" ID="ID14a341d8-d030-4a3d-af1e-4726b55b65c9" SIZE="133018">
        <FLocat xlink:href="file://./schemas/mets_1_11.xsd" xlink:type="simple" LOCTYPE="URL"/>
      </file>
    </fileGrp>
  </fileSec>
  <structMap TYPE="physical" LABEL="E-ARK structural map">
    <div LABEL="19d08572-9f72-4472-a211-47cda2261527">
      <div LABEL="representations"/>
      <div LABEL="representations/AVID.SA.18006_rep0">
        <mptr xlink:href="file://./representations/AVID.SA.18006_rep0/METS.xml" xlink:title="Mets file describing representation: default of SIP: urn:uuid:19d08572-9f72-4472-a211-47cda2261527." LOCTYPE="URL" ID="IDae2b320b-06c6-484f-a23b-cd4ac9d13c24"/>
        <fptr FILEID="ID76956605-fc11-4073-ad69-5c321dc88c7f"/>
      </div>
      <div LABEL="schemas">
        <fptr FILEID="IDad2844a0-c28b-42b3-b0da-70c5a2facd1d"/>
        <fptr FILEID="IDd547aa5b-2df9-4aa0-a023-31a4e5bd2985"/>
        <fptr FILEID="IDd3b61890-e7e0-4546-816f-d11681d99e15"/>
        <fptr FILEID="ID39bf90ad-c77b-493d-a2d6-dcbfcc89757a"/>
        <fptr FILEID="ID14a341d8-d030-4a3d-af1e-4726b55b65c9"/>
      </div>
      <div LABEL="metadata">
        <fptr FILEID="IDe884a5af-df2f-469e-b231-56e4e64c9e0a"/>
        <fptr FILEID="IDd5a37526-b1eb-44ae-930b-ad9a6978dc93"/>
        <fptr FILEID="ID764f8573-fc4e-4667-a854-d5f9b6d1e90e"/>
      </div>
    </div>
  </structMap>
  <structMap TYPE="logical" LABEL="Simple SIP structuring">
    <div LABEL="Package structure">
      <div LABEL="metadata files">
        <fptr FILEID="IDe884a5af-df2f-469e-b231-56e4e64c9e0a"/>
        <fptr FILEID="IDd5a37526-b1eb-44ae-930b-ad9a6978dc93"/>
        <fptr FILEID="ID764f8573-fc4e-4667-a854-d5f9b6d1e90e"/>
      </div>
      <div LABEL="schema files">
        <fptr FILEID="IDad2844a0-c28b-42b3-b0da-70c5a2facd1d"/>
        <fptr FILEID="IDd547aa5b-2df9-4aa0-a023-31a4e5bd2985"/>
        <fptr FILEID="IDd3b61890-e7e0-4546-816f-d11681d99e15"/>
        <fptr FILEID="ID39bf90ad-c77b-493d-a2d6-dcbfcc89757a"/>
        <fptr FILEID="ID14a341d8-d030-4a3d-af1e-4726b55b65c9"/>
      </div>
      <div LABEL="content files"/>
    </div>
  </structMap>
</mets>
