<?xml version="1.0" encoding="UTF-8" standalone="yes"?>
<!-- This is a representation level METS.xml file -->
<!-- This representation level METS.xml file is not aware of its own root level METS file or any other segments that may exists -->
<mets xmlns:xsi="http://www.w3.org/2001/XMLSchema-instance" xmlns="http://www.loc.gov/METS/" xmlns:xlink="http://www.w3.org/1999/xlink" OBJID="rep1" TYPE="representation:SFSB" PROFILE="" xsi:schemaLocation="http://www.loc.gov/METS/ ../../schemas/mets.xsd" LABEL="representations level METS file for a representation">	
    <metsHdr CREATEDATE="2016-04-26T14:03:09.710+03:00" LASTMODDATE="2016-04-26T14:03:09.710+03:00"/> <!-- CS - LASTMODDATA only mandatory if different from CREATEDATA -->
    <amdSec ID="ac4b699b-fb6d-4e4e-8df1-d4377d8a2f03"/>
    <fileSec ID="a7096cb7-a59c-463e-85be-6e785968fb00">
        <fileGrp ID="a5def569-1429-4b83-962b-8ac92820e12b" USE="E-ARK files representation rep1">
            <fileGrp ID="ca53f914-91e5-4388-9662-8913daefff7c" USE="representations"/>
            <fileGrp ID="ad7f2cf0-589d-4a93-97cd-ab9d5e6afd25" USE="data">
                <file ID="ad7dce84-76a3-41b1-8212-7863eac0d77e" MIMETYPE="application/vnd.openxmlformats-officedocument.wordprocessingml.document" SIZE="13243" CREATED="2016-04-26T14:03:09.710+03:00" CHECKSUM="bd004813fee1de714650380dfd464ad1bd61f4300189f33f0b517d06d8e8cc9e" CHECKSUMTYPE="SHA-256">
                    <FLocat LOCTYPE="URL" xlink:type="simple" xlink:href="file:data/Example1.docx"/>
                </file>
            </fileGrp>
            <fileGrp ID="ac0b8061-1aab-4a2d-891f-417f00fbc048" USE="schemas"/>
            <fileGrp ID="d1e15ea8-9fdf-4204-8ea2-4cd5ad5183e9" USE="documentation"/>
        </fileGrp>
    </fileSec>
    <structMap ID="a2adce46-96eb-43a7-b227-862b28ed5c64" TYPE="physical" LABEL="E-ARK structural map">
        <div ID="a8d7b10f-34b7-4ce0-8714-d2ca0fd59168" LABEL="rep1">
            <div ID="de614c51-ee7b-49bb-98fc-123583b1392b" LABEL="metadata">
                <div ID="aa823a14-7a15-4c75-8a8a-72472e082493" LABEL="descriptive"/>
                <div ID="c61cfa22-284c-4bd4-97f1-f8252fd41769" LABEL="preservation"/>
                <div ID="a5dcbeb2-d81f-459b-a414-8d1949b4f24c" LABEL="other"/>
            </div>
            <div ID="a9fc00f2-c48a-4250-95a7-729415af1641" LABEL="representations"/>
            <div ID="aefe2775-54cb-40e9-8784-3a7f6b1f7b33" LABEL="data">
                <fptr FILEID="ad7dce84-76a3-41b1-8212-7863eac0d77e"/>
            </div>
            <div ID="a7dcbbef-5359-40ac-8a92-7160de1b8ed1" LABEL="schemas"/>
            <div ID="a379dd65-34d2-45df-85f4-d31b827b4c29" LABEL="documentation"/>
        </div>
    </structMap>
</mets>
