<?xml version="1.0" encoding="utf-8"?>
<eac-cpf xsi:schemaLocation="urn:isbn:1-931666-33-4 ../../schemas/cpf.xsd" xmlns="urn:isbn:1-931666-33-4" xmlns:xsi="http://www.w3.org/2001/XMLSchema-instance" xmlns:xlink="http://www.w3.org/1999/xlink">
	<control>
		<recordId>e6913df3-fa3d-46ed-8046-48eb1666bbd8</recordId>
		<otherRecordId localType="url"></otherRecordId>
		<maintenanceStatus>new</maintenanceStatus>
		<maintenanceAgency>
			<agencyName>Tartu Ülikool</agencyName>
		</maintenanceAgency>
		<maintenanceHistory>
			<maintenanceEvent>
				<eventType>created</eventType>
				<eventDateTime>2016</eventDateTime>
				<agentType>human</agentType>
				<agent>Tarvo Kärberg</agent>
			</maintenanceEvent>
		</maintenanceHistory>
	</control>
	<cpfDescription>
		<identity>
			<entityId localType="legalidentifier"></entityId>
			<entityType>corporateBody</entityType>
			<nameEntry scriptCode="Latn" xml:lang="en">
				<part localType="name">Tartu Riiklik Ülikool</part>
				<useDates>
					<dateRange>
						<fromDate>1944</fromDate>
						<toDate>1944</toDate>
					</dateRange>
				</useDates>
			</nameEntry>
			<nameEntry scriptCode="Latn" xml:lang="en">
				<part localType="name">Tartu Ülikool</part>
				<useDates>
					<dateRange>
						<fromDate>1989</fromDate>
						<toDate>1989</toDate>
					</dateRange>
				</useDates>
			</nameEntry>
			<nameEntry scriptCode="Latn" xml:lang="en">
				<part localType="name">Tartu Riiklik Ülikool</part>
				<useDates>
					<dateRange>
						<fromDate>1940</fromDate>
						<toDate>1940</toDate>
					</dateRange>
				</useDates>
			</nameEntry>
			<nameEntry scriptCode="Latn" xml:lang="en">
				<part localType="name">Kaiserliche Universität zu Dorpat</part>
				<useDates>
					<dateRange>
						<fromDate>1802</fromDate>
						<toDate>1802</toDate>
					</dateRange>
				</useDates>
			</nameEntry>
			<nameEntry scriptCode="Latn" xml:lang="en">
				<part localType="name">Eesti Omavalitsuse Tartu Ülikool</part>
				<useDates>
					<dateRange>
						<fromDate>1942</fromDate>
						<toDate>1942</toDate>
					</dateRange>
				</useDates>
			</nameEntry>
			<nameEntry scriptCode="Latn" xml:lang="en">
				<part localType="name">Academia Dorpatensis</part>
				<useDates>
					<dateRange>
						<fromDate>1632</fromDate>
						<toDate>1632</toDate>
					</dateRange>
				</useDates>
			</nameEntry>
			<nameEntry scriptCode="Latn" xml:lang="en">
				<part localType="name">Eesti Vabariigi Tartu Ülikool</part>
				<useDates>
					<dateRange>
						<fromDate>1919</fromDate>
						<toDate>1919</toDate>
					</dateRange>
				</useDates>
			</nameEntry>
			<nameEntry scriptCode="Latn" xml:lang="en">
				<part localType="translation">University of Tartu</part>
				<useDates>
					<dateRange>
						<fromDate>1989</fromDate>
						<toDate>1989</toDate>
					</dateRange>
				</useDates>
			</nameEntry>
			<nameEntry scriptCode="Latn" xml:lang="en">
				<part localType="abbreviation">UT</part>
				<useDates>
					<dateRange>
						<fromDate>1989</fromDate>
						<toDate>1989</toDate>
					</dateRange>
				</useDates>
			</nameEntry>
		</identity>
		<description>
			<existDates>
				<dateRange>
					<fromDate>1632</fromDate>
					<toDate>1632</toDate>
				</dateRange>
			</existDates>
			<places>
				<place>
					<placeRole>Address</placeRole>
					<placeEntry>Munga 2 Tartu Tartu Tartumaa Eesti</placeEntry>
					<dateRange>
						<fromDate></fromDate>
						<toDate></toDate>
					</dateRange>
				</place>
			</places>
			<legalStatuses></legalStatuses>
			<functions>
				<function>
					<term>Research</term>
					<descriptiveNote>
						<p></p>
					</descriptiveNote>
				</function>
				<function>
					<term>Institution management </term>
					<descriptiveNote>
						<p></p>
					</descriptiveNote>
				</function>
			</functions>
			<mandates></mandates>
			<structureOrGenealogy>
				<p>Description of the structure.</p>
				<list>
					<item localType="structure">href='file:../../documentation/proto02.pdf'</item>
					<item localType="fromdate">02.06.2016</item>
					<item localType="todate"></item>
				</list>
			</structureOrGenealogy>
			<biogHist>
				<p>History</p>
			</biogHist>
		</description>
		<relations></relations>
	</cpfDescription>
</eac-cpf>