<?xml version="1.0" encoding="utf-8"?>
<ead xmlns="http://ead3.archivists.org/schema/" xmlns:xsi="http://www.w3.org/2001/XMLSchema-instance" xsi:schemaLocation="http://ead3.archivists.org/schema/  ../../schemas/ead3.xsd">
	<!--A required child element of <ead> for recording bibliographic and administrative information about an EAD instance.-->
	<control>
		<!--Record Identifier. A required child element of <control> that designates a unique identifier for the EAD instance.-->
		<recordid>e020c021-af8a-40ec-9a43-2aba7a27ad78</recordid>
		<filedesc>
			<!--Title Statement. A required child element of <filedesc> that binds together information about the name of an encoded finding aid and those responsible for its content.-->
			<titlestmt>
				<titleproper>Tartu Ülikool</titleproper>
			</titlestmt>
			<!--Note Statement. A child element of notestmt, used to provide a general note related to the EAD instance.-->
			<notestmt>
				<controlnote>
					<p>This EAD file is compliant with the E-ARK project ERMS SMURF Specification, Version 1.0.</p>
				</controlnote>
			</notestmt>
		</filedesc>
		<!--A required child element of <control> that records the current version status of the EAD instance.-->
		<maintenancestatus value="new">text</maintenancestatus>
		<maintenanceagency>
			<agencyname>The National Archives of Estonia</agencyname>
		</maintenanceagency>
		<maintenancehistory>
			<maintenanceevent>
				<eventtype value="created"></eventtype>
				<eventdatetime>2016-05-17T12:41:17.4030000</eventdatetime>
				<agenttype value="human">text</agenttype>
				<agent>Tarvo Kärberg</agent>
			</maintenanceevent>
		</maintenancehistory>
	</control>
	<!--Archival Description. A required child element of <ead> that binds together all of the archival descriptive information in an EAD instance.-->
	<archdesc level="fonds">
		<did>
			<abstract>Report No. 3</abstract>
			<origination label="Creator">
				<name>
					<part>Tartu Riiklik Ülikool</part>
				</name>
			</origination>
		</did>
		<custodhist>
			<list>
				<item>
					<date></date>
				</item>
			</list>
		</custodhist>
		<acqinfo>
			<p>abc</p>
		</acqinfo>
		<scopecontent>
			<p>abc</p>
		</scopecontent>
		<arrangement>
			<p>abc</p>
		</arrangement>
		<accessrestrict>
			<p>There are no access restrictions on this collection.</p>
		</accessrestrict>
		<dsc dsctype="combined">
			<c level="series">
				<did>
					<unitid label="current">EAA.123-2-1</unitid>
					<unitid label="original">1</unitid>
					<unitid label="archival">EAA.123.1.5</unitid>
					<unitid label="previousarchival"></unitid>
					<unittitle>Statistical reports</unittitle>
				</did>
				<scopecontent>
					<p>Scope and content</p>
				</scopecontent>
				<accessrestrict>
					<chronlist>
						<chronitem>
							<daterange>
								<fromdate>1998</fromdate>
								<todate>02.06.2020</todate>
							</daterange>
							<event>
								<list>
									<item>DEI</item>
									<item>Duration as a textual description.</item>
									<item>The source of the restriction.</item>
									<item>Additional description.
</item>
								</list>
							</event>
						</chronitem>
					</chronlist>
				</accessrestrict>
				<otherfindaid>
					<head>Other Finding Aids</head>
					<p>Finding aid 1</p>
				</otherfindaid>
				<relatedmaterial>
					<list>
						<item>
							<list>
								<item>Name of the related object</item>
								<item>Description of the relation</item>
							</list>
						</item>
					</list>
				</relatedmaterial>
				<odd localtype="Keyword">
					<list>
						<item></item>
						<item>keyword 3</item>
						<item>keyword 1</item>
						<item>keyword 2</item>
					</list>
				</odd>
				<odd localtype="Comment">
					<list>
						<item>A place for comments.</item>
					</list>
				</odd>
				<processinfo>
					<chronlist>
						<chronitem>
							<datesingle></datesingle>
							<event>
								<list>
									<item></item>
									<item>Sarja loomine</item>
								</list>
							</event>
						</chronitem>
					</chronlist>
				</processinfo>
				<fileplan id="024f1efd-2128-4e52-accb-1d9d86380c7b" localtype="original">
					<head>Archival classification schema</head>
					<fileplan>
						<head>Research</head>
						<list listtype="ordered" numeration="upper-roman">
							<item></item>
						</list>
					</fileplan>
				</fileplan>
				<c level="file">
					<did>
						<unitid label="current">EAA.123-2-1-1</unitid>
						<unitid label="original">1-1</unitid>
						<unitid label="archival">EAA.123.1.5</unitid>
						<unitid label="previousarchival"></unitid>
					</did>
					<accessrestrict>
						<p>There are no access restrictions on this collection.</p>
					</accessrestrict>
					<!-- An aggregation level - item -->
					<c level="item">
						<did>
							<!--Universally unique identifier for an entity that is generated automatically by the system and stays with the entity forever-->
							<unitid localtype="current">EAA.123-2-1-1-3</unitid>
							<!--The identifying name or title of the entity-->
							<unittitle>Report</unittitle>
							<!--System set date and time when the entity was created. Can be represented as unitdatestructured as well.-->
							<unitdate datechar="created"></unitdate>
							<!--Date and time of origin of a record or other entity which may vary from the creation date of the entity in the system. Can be represented as unitdate as well.-->
							<unitdatestructured datechar="originated">
								<datesingle></datesingle>
							</unitdatestructured>
							<abstract>Report No. 3</abstract>
							<!--The unit used to describe the extent of the record (e.g MB, pages, num of files/components)-->
							<physdescstructured coverage="whole" physdescstructuredtype="spaceoccupied">
								<quantity></quantity>
								<unittype></unittype>
							</physdescstructured>
							<daoset label="Digital Objects" coverage="whole">
								<dao id="c7d46528-9e30-44da-9dde-0ee1d45ed9c1" daotype="borndigital" linktitle="plan.jpg" localtype="fullsize" href="file:../../representations/rep1/plan.jpg" />
								<dao id="b7a128b4-800d-4484-ae8b-a3c767bcd339" daotype="derived" linktitle="plan.png" localtype="fullsize" href="file:../../representations/rep2/plan.png" />
							</daoset>
						</did>
						<scopecontent>
							<p>Report No. 3</p>
						</scopecontent>
						<accessrestrict>
							<p>There are no access restrictions on this collection.</p>
						</accessrestrict>
						<!--Other Descriptive Data-->
					</c>
				</c>
			</c>
		</dsc>
	</archdesc>
</ead>