<?xml version="1.0" encoding="utf-8" standalone="yes"?>
<!-- This is a representation level METS.xml file -->
<!-- This representation level METS.xml file is not aware of its own root level METS file or any other segments that may exists -->
<mets xmlns:xsi="http://www.w3.org/2001/XMLSchema-instance" xmlns="http://www.loc.gov/METS/" xmlns:xlink="http://www.w3.org/1999/xlink" OBJID="" TYPE="representation:SMURFSFSB" PROFILE="" xsi:schemaLocation="http://www.loc.gov/METS/ ../../schemas/mets.xsd" LABEL="rep">
	<metsHdr CREATEDATE="2016-07-08T08:37:12.8931437+03:00" LASTMODDATE="2016-07-08T08:37:12.8931437+03:00" />
	<!-- CS - LASTMODDATA only mandatory if different from CREATEDATA -->
	<amdSec ID="e842d8ea-c124-4d75-8394-44d0a7c92a53" />
	<fileSec ID="b0c6312c-8802-4de7-82fd-7d367fbe7849">
		<fileGrp ID="cd8978c4-cb3d-4216-8c41-58830c14c046" USE="E-ARK files representation ">
			<fileGrp ID="ca1557ee-3e2a-48c7-99ee-ec20c6e49029" USE="representations" />
			<fileGrp ID="d69fd9c4-4b42-424a-9912-434b8852c60f" USE="data">
				<file ID="ef0db0f0-adfe-45ab-a928-1f76e2ed4c61" MIMETYPE="application/msword" SIZE="14483" CREATED="2016-07-08T08:37:12.9631438+03:00" CHECKSUM="dcb5d90b475ac6bd2917b4e5a4ffdbb0bb660038189aae14c6cd76b0c056fbca" CHECKSUMTYPE="SHA-256">
					<FLocat LOCTYPE="URL" xlink:type="simple" xlink:href="file:data/memo.doc" />
				</file>
			</fileGrp>
			<fileGrp ID="f4d667ce-ae35-48fc-a411-3bba0bbed66a" USE="schemas" />
			<fileGrp ID="fd748431-806c-4eac-87cb-72e7caa62487" USE="documentation" />
		</fileGrp>
	</fileSec>
	<structMap ID="b51686bf-c732-44ec-9654-91f8ca3ce91b" TYPE="physical" LABEL="E-ARK structural map">
		<div ID="a09cd005-de76-4b3f-838f-d3893b57271c" LABEL="">
			<div ID="c813952b-02cc-4c20-987d-e543ff14239f" LABEL="metadata">
				<div ID="b435bc0a-8beb-4c89-8de1-a5a61fcdd2ba" LABEL="descriptive" />
				<div ID="dd61a15f-4581-49bd-86b3-5b97e9d8e9db" LABEL="preservation" />
				<div ID="c714a349-20ce-403f-a888-5d7fc4c5a7ae" LABEL="other" />
			</div>
			<div ID="fdf487a0-25ce-4c66-b363-595a6ca78caa" LABEL="representations" />
			<div ID="a3df17bd-33b8-474d-944a-4162f2bd252b" LABEL="data">
				<fptr FILEID="ef0db0f0-adfe-45ab-a928-1f76e2ed4c61" />
			</div>
			<div ID="faf92be1-7a05-40b9-90d1-7372e31d1069" LABEL="schemas" />
			<div ID="d75d2acf-1109-413d-bd31-0827fad6c0de" LABEL="documentation" />
		</div>
	</structMap>
</mets>