<?xml version="1.0" encoding="utf-8" standalone="yes"?>
<!-- This is a representation level METS.xml file -->
<!-- This representation level METS.xml file is not aware of its own root level METS file or any other segments that may exists -->
<mets xmlns:xsi="http://www.w3.org/2001/XMLSchema-instance" xmlns="http://www.loc.gov/METS/" xmlns:xlink="http://www.w3.org/1999/xlink" OBJID="" TYPE="representation:ERMS" PROFILE="" xsi:schemaLocation="http://www.loc.gov/METS/ ../../schemas/mets.xsd" LABEL="rep">
	<metsHdr CREATEDATE="2016-06-21T08:31:01.4469921+03:00" LASTMODDATE="2016-06-21T08:31:01.4469921+03:00" />
	<!-- CS - LASTMODDATA only mandatory if different from CREATEDATA -->
	<amdSec ID="92b55e89-ef6e-4b34-8f9f-9b9f9c4f1177" />
	<fileSec ID="c8eba9ab-b482-4379-8142-e2d2a70176a9">
		<fileGrp ID="ae009baa-98d1-49ce-baa9-46bcc3ea3bae" USE="E-ARK files representation ">
			<fileGrp ID="0fa8a1ff-e0f8-4c22-8c0a-ca4435d45bfe" USE="representations" />
			<fileGrp ID="eb49deab-6e59-4b0f-9de8-f865f440957d" USE="data">
				<file ID="b1a38a4b-6e71-471b-a110-cd3890b6b5f9" MIMETYPE="image/jpeg" SIZE="264069" CREATED="2016-06-21T08:31:01.5169922+03:00" CHECKSUM="ddb674a2ab27bf070009b5f8d978008d44ca2e35e41b0fdacb2323b971fb6ba4" CHECKSUMTYPE="SHA-256">
					<FLocat LOCTYPE="URL" xlink:type="simple" xlink:href="file:data/plan.jpg" />
				</file>
			</fileGrp>
			<fileGrp ID="75803db8-d88c-4029-a496-727a34b8e717" USE="schemas" />
			<fileGrp ID="027b53c8-c0ab-4974-bb34-9eb4eae62bec" USE="documentation" />
		</fileGrp>
	</fileSec>
	<structMap ID="d1879c88-3df0-4dce-877c-51a4fe7e436d" TYPE="physical" LABEL="E-ARK structural map">
		<div ID="903b2724-f19b-4f89-89b6-022e404b2dee" LABEL="">
			<div ID="2806699c-9d0a-4a51-b633-8c9b92412bba" LABEL="metadata">
				<div ID="1821364e-9bf6-46a7-bf56-f8034e41254a" LABEL="descriptive" />
				<div ID="cbe50fe2-1706-4015-94ca-37fbaaf28d96" LABEL="preservation" />
				<div ID="9e130e7f-6a47-4a81-a1d3-f2970ed18820" LABEL="other" />
			</div>
			<div ID="2f011a0b-8646-432d-8e41-1d22c418439a" LABEL="representations" />
			<div ID="58d8e0a4-23a3-40b9-b53a-9aa10e044264" LABEL="data">
				<fptr FILEID="b1a38a4b-6e71-471b-a110-cd3890b6b5f9" />
			</div>
			<div ID="84bfc1d8-d711-4c28-9f62-722790fa79f2" LABEL="schemas" />
			<div ID="632f8486-d5fc-4dd0-a0f9-be861c269598" LABEL="documentation" />
		</div>
	</structMap>
</mets>