<?xml version="1.0" encoding="utf-8" standalone="yes"?>
<!-- This is a representation level METS.xml file -->
<!-- This representation level METS.xml file is not aware of its own root level METS file or any other segments that may exists -->
<mets xmlns:xsi="http://www.w3.org/2001/XMLSchema-instance" xmlns="http://www.loc.gov/METS/" xmlns:xlink="http://www.w3.org/1999/xlink" OBJID="" TYPE="representation:SMURFERMS" PROFILE="" xsi:schemaLocation="http://www.loc.gov/METS/ ../../schemas/mets.xsd" LABEL="rep">
	<metsHdr CREATEDATE="2016-07-20T10:23:41.5412500+03:00" LASTMODDATE="2016-07-20T10:23:41.5412500+03:00" />
	<!-- CS - LASTMODDATA only mandatory if different from CREATEDATA -->
	<amdSec ID="f74dc1e5-4665-4bf0-8687-14a39d7d40b2" />
	<fileSec ID="d65a34a4-027d-4ccc-927e-c55771b72f79">
		<fileGrp ID="b3f0bcc8-964c-42d4-9851-6c15c729f2c6" USE="E-ARK files representation ">
			<fileGrp ID="af8b5a9d-3766-4515-a3fe-b1184f953297" USE="representations" />
			<fileGrp ID="fb2d0a9f-32dc-427a-b453-3047bcd34522" USE="data">
				<file ID="ef4510f4-3889-4786-a1f3-fb23659ab5f9" MIMETYPE="application/msword" SIZE="14483" CREATED="2016-07-20T10:23:41.6362554+03:00" CHECKSUM="dcb5d90b475ac6bd2917b4e5a4ffdbb0bb660038189aae14c6cd76b0c056fbca" CHECKSUMTYPE="SHA-256">
					<FLocat LOCTYPE="URL" xlink:type="simple" xlink:href="file:data/repA136.doc" />
				</file>
			</fileGrp>
			<fileGrp ID="b846514e-008f-432d-82c7-1a926e62e66d" USE="schemas" />
			<fileGrp ID="a6ed5f26-868d-4cff-9a3b-ff305c6581b8" USE="documentation" />
		</fileGrp>
	</fileSec>
	<structMap ID="b1da89b9-2aba-4b19-b8e1-1c6841309618" TYPE="physical" LABEL="E-ARK structural map">
		<div ID="c392944b-e9b9-4a85-b5ae-d324834a9d0d" LABEL="">
			<div ID="cc356152-fb48-410f-b2e4-f0038563d4da" LABEL="metadata">
				<div ID="b1a650c0-f3bc-4b36-8e48-f53d5c895182" LABEL="descriptive" />
				<div ID="eda928b6-3f27-4b29-b1c8-5084bffc74cf" LABEL="preservation" />
				<div ID="f8036794-062a-4f4d-a1df-95a816b9db34" LABEL="other" />
			</div>
			<div ID="fb0ba898-7ae5-40dd-89c3-36ce0d733472" LABEL="representations" />
			<div ID="fd4995d6-0e97-4345-bb98-b8bd3c01eee5" LABEL="data">
				<fptr FILEID="ef4510f4-3889-4786-a1f3-fb23659ab5f9" />
			</div>
			<div ID="c6c9e371-54d0-44a8-be1f-cec7f1dd900b" LABEL="schemas" />
			<div ID="b5cf77b8-7594-4122-8acd-a0c2c983fa1c" LABEL="documentation" />
		</div>
	</structMap>
</mets>