<?xml version="1.0" encoding="utf-8" standalone="yes"?>
<!-- A root level METS file. -->
<!-- This root level METS.xml file is for the IP as a whole and does not describe single representations-->
<mets xmlns:xsi="http://www.w3.org/2001/XMLSchema-instance" xmlns="http://www.loc.gov/METS/" xmlns:xlink="http://www.w3.org/1999/xlink" OBJID="322881fb-92b9-43f5-88be-41c3db7062d6" TYPE="SIP:ERMS" PROFILE="http://www.ra.ee/METS/v02/METS.xml" xsi:schemaLocation="http://www.loc.gov/METS/ schemas/mets.xsd" LABEL="root level METS file for an IP">
	<metsHdr CREATEDATE="2016-06-21T08:31:01.4469921+03:00" RECORDSTATUS="NEW" LASTMODDATE="2016-06-21T08:31:01.4469921+03:00">
		<agent ROLE="CREATOR" TYPE="OTHER" OTHERTYPE="SOFTWARE">
			<!-- The software which has been used to create the package (mandatory) -->
			<name>UAM</name>
			<!-- The name of the software -->
		</agent>
		<agent ROLE="ARCHIVIST" TYPE="ORGANIZATION">
			<!-- Archival creator (mandatory in the SIP, but not in the CS)-->
			<name>Tartu Ülikool</name>
			<!-- Name of the archival creator (mandatory)-->
			<note>EAA.123</note>
			<!-- Archival creator identification code (not mandatory) -->
		</agent>
		<agent ROLE="CREATOR" TYPE="ORGANIZATION">
			<!-- Submitting organisation (mandatory in the SIP, but not in the CS)-->
			<name>Tartu Ülikool</name>
			<!-- Name of the submitting organisation (mandatory)-->
			<note>EAA.123</note>
			<!-- Submitting organisation identification code (not mandatory) -->
		</agent>
		<agent ROLE="CREATOR" TYPE="INDIVIDUAL">
			<!-- Contact person for submission (not mandatory)-->
			<name>Tarvo Kärberg</name>
			<!-- Full name of the contact person -->
			<note></note>
			<!-- Contact information for the contact person -->
		</agent>
		<agent ROLE="PRESERVATION" TYPE="ORGANIZATION">
			<!-- Preservation organisation name (mandatory in the SIP, but not in the CS)-->
			<name>RAHVUSARHIIV</name>
			<note>70001946</note>
			<!-- Preservation organisation identification code (not mandatory) -->
		</agent>
		<metsDocumentID>322881fb-92b9-43f5-88be-41c3db7062d6</metsDocumentID>
		<!-- CS optional, required to be equal to OBJID -->
	</metsHdr>
	<dmdSec ID="37fef043-6083-478d-8048-bf803be6583b">
		<!-- This dmdSec is for EAD metadata -->
		<mdRef ID="f97a41d8-c7a6-4753-8405-7c99abe280c2" LOCTYPE="URL" MDTYPE="EAD" MDTYPEVERSION="3" xlink:type="simple" xlink:href="file:metadata/descriptive/ead.xml" MIMETYPE="text/xml" SIZE="6731" CREATED="2016-06-21T08:31:01.5469922+03:00" CHECKSUM="75d3f06ac5ffb2793dc4820f43eb686fc384f157ee8c442f00d58e8583cdd5dd" CHECKSUMTYPE="SHA-256" />
	</dmdSec>
	<!-- If EAC-CPF descriptions about the archival creator exist then they should be referenced in dmdSec as a file -->
	<dmdSec ID="436ee400-f570-4209-a8c8-b0768b1741d6">
		<!-- This dmdSec is for EAC-CPF metadata -->
		<mdRef ID="b74def48-ec08-4b3a-8219-20a4367cec6c" LOCTYPE="URL" MDTYPE="EAC-CPF" MDTYPEVERSION="2010" xlink:type="simple" xlink:href="file:metadata/descriptive/eaccpf.xml" MIMETYPE="text/xml" SIZE="4392" CREATED="2016-06-21T08:31:01.5469922+03:00" CHECKSUM="c1479fe8bd0afe294597394ac09a2046380c05a859ece0be44a7682ce999255c" CHECKSUMTYPE="SHA-256" />
	</dmdSec>
	<amdSec ID="572bf817-f142-4783-b452-6b17e0c2e51f" />
	<fileSec ID="f91c9ab8-e50f-495c-8109-e36cdd76e671">
		<fileGrp ID="34c52237-0ccf-4ad0-8777-c234ac9fbf48" USE="E-ARK files root">
			<fileGrp ID="88abb109-2282-40f9-99c6-aa1398839115" USE="representations" />
			<fileGrp ID="b5b0e69f-c778-44ff-a7db-e0faa2f917fc" USE="data" />
			<fileGrp ID="35cde2f5-3de4-4599-bfac-f1fa8940680f" USE="schemas">
				<file ID="bcb529f0-6f4b-47c2-9484-e51cfb56925d" MIMETYPE="text/xml" SIZE="92413" CREATED="2016-06-21T08:31:01.5669922+03:00" CHECKSUM="7dd1670ae5076d69b1e70fbe4ff6788bf5f73e7d6f46c82fca16be12ba238ac9" CHECKSUMTYPE="SHA-256">
					<FLocat LOCTYPE="URL" xlink:type="simple" xlink:href="file:schemas/ead3.xsd" />
				</file>
				<file ID="9cdd6932-6185-4ebc-a0a5-537ce5e46162" MIMETYPE="text/xml" SIZE="134223" CREATED="2016-06-21T08:31:01.5569922+03:00" CHECKSUM="61fba351467f8cdfeb5d6cf8b29cf1bf9c181f0760bd8d43fe1e7765b6071e1c" CHECKSUMTYPE="SHA-256">
					<FLocat LOCTYPE="URL" xlink:type="simple" xlink:href="file:schemas/mets.xsd" />
				</file>
				<file ID="32edb486-88cf-4091-8c42-40d17c707eea" MIMETYPE="text/xml" SIZE="8322" CREATED="2016-06-21T08:31:01.5669922+03:00" CHECKSUM="c3dbbaa28b884377ecd4a6c49d1f12566d8227cb0dce8ced10c0f66f8fa266e3" CHECKSUMTYPE="SHA-256">
					<FLocat LOCTYPE="URL" xlink:type="simple" xlink:href="file:schemas/xlink.xsd" />
				</file>
			</fileGrp>
			<fileGrp ID="bea0339e-3a2f-44cc-8c02-63592fac6edb" USE="documentation">
				<file ID="40e5559a-05e0-436c-bc44-b9a5e98f273a" MIMETYPE="application/octet-stream" SIZE="673438" CREATED="2016-06-03T09:09:00.5161172+03:00" CHECKSUM="6f6f2db6eb36582f58211785982f5f95246005adfa994fd914ad0c3bb4248eac" CHECKSUMTYPE="SHA-256">
					<FLocat LOCTYPE="URL" xlink:type="simple" xlink:href="file:documentation/proto02.pdf" />
				</file>
			</fileGrp>
		</fileGrp>
	</fileSec>
	<structMap ID="6d675232-1b3a-4363-b5d4-857902015cd7" TYPE="physical" LABEL="E-ARK structural map">
		<div ID="313d0c37-4482-4aac-9427-d99caf73143b" LABEL="09f669af-f099-4f3e-8b08-02e04240ece0">
			<div ID="ba0fca7c-733f-4db0-ada0-4360aa75575b" LABEL="metadata">
				<div ID="b8989d7b-640d-4e48-8781-2aa699b29ef9" LABEL="descriptive">
					<fptr FILEID="f97a41d8-c7a6-4753-8405-7c99abe280c2" />
				</div>
				<div ID="2f1a6d45-b26c-4542-8594-621397ee31d2" LABEL="preservation" />
				<div ID="8c300c40-d443-4d31-98ce-e4896618e768" LABEL="other" />
			</div>
			<div ID="03c6db87-7a1d-4989-8a62-a3c3ee8e0baf" LABEL="representations">
				<div ID="a99e3569-dae1-4241-b19b-b30d17a5b1bb" LABEL="rep1">
					<mptr xlink:type="simple" xlink:href="file:representations/rep1/METS.xml" LOCTYPE="URL" />
				</div>
				<div ID="05d3f900-e65b-4a9c-bdb4-a945f5f7b301" LABEL="rep2">
					<mptr xlink:type="simple" xlink:href="file:representations/rep2/METS.xml" LOCTYPE="URL" />
				</div>
			</div>
			<div ID="233b6284-8119-4fa2-9eac-4aca407b26c6" LABEL="data" />
			<div ID="8c7206ca-d7bb-446f-b758-9ca2d77342fa" LABEL="schemas">
				<fptr FILEID="bcb529f0-6f4b-47c2-9484-e51cfb56925d" />
				<fptr FILEID="9cdd6932-6185-4ebc-a0a5-537ce5e46162" />
				<fptr FILEID="32edb486-88cf-4091-8c42-40d17c707eea" />
			</div>
			<div ID="554bdb80-3eb5-4bc7-9f08-fb61c8f64b24" LABEL="documentation">
				<fptr FILEID="40e5559a-05e0-436c-bc44-b9a5e98f273a" />
			</div>
		</div>
	</structMap>
</mets>