<?xml version="1.0" encoding="UTF-8"?>
<!-- IP.AVID.RA.18006 - a root level METS file. -->
<!-- This root level METS.xml file is for the IP as a whole down to representation and includes information about only this representation, but not the components of the representation-->
<!-- Information about the components of the representation is in the METS.xml file at the representation level in the representations folder. -->
<!-- This representation may consist of several segments in order to manage the size of the representation. -->
<!-- This root level METS file for this representation of the IP may point to other segments by referering to them as children pointing to the root level METS file of the child(ren) using the OBJID value -->
<!-- It may also point to its parent, the godfather IP -->
<mets xmlns:xsi="http://www.w3.org/2001/XMLSchema-instance" xmlns="http://www.loc.gov/METS/" xmlns:xlink="http://www.w3.org/1999/xlink" 
	xsi:schemaLocation="http://www.loc.gov/METS/ schemas/mets.xsd" 
	PROFILE="http://www.ra.ee/METS/v01/IP.xml" TYPE="SIP:database" OBJID="ID.AVID.RA.18006" LABEL="root level METS file for an IP">
	<!-- Note that the OBJID can be replaced with any ID scheme. In this example IDs carring information are used to ease understanding -->
	<!-- PROFILE is the official E-ARK METS profile. TYPE is either SIP, AIP, DIP or AIC -->
	<metsHdr RECORDSTATUS="NEW" CREATEDATE="2015-12-14T14:20:00" 
		LASTMODDATE="2015-12-14T14:20:00"> <!-- CS - LASTMODDATA only mandatory if different from CREATEDATA -->
		<agent TYPE="OTHER" ROLE="CREATOR" OTHERTYPE="SOFTWARE"> <!-- CS mandatory -->
			<name>E-ARK SIP Creator</name> <!-- CS optional -->
			<note>VERSION=0.0.1</note> <!-- CS optional -->
		</agent>
		<metsDocumentID>ID.AVID.RA.18006</metsDocumentID> <!-- CS optional, required to be equal to OBJID -->
	</metsHdr>
	
	<dmdSec ID="ID.AVID.RA.18006.DMD.1" STATUS="CURRENT">
		<mdRef ID="ID.AVID.RA.18006.DMD.1.mdRef.1" LOCTYPE="URL" CREATED="2015-12-14T14:30:00" MDTYPE="EAD"
			MIMETYPE="application/xml" xlink:href="metadata/descriptive/ead.xml" xlink:type="simple" 
			CHECKSUM="13fc68496883539076ab3cd37ec309e5" CHECKSUMTYPE="MD5" SIZE="9078"/>			<!-- size in bytes-->
			<!-- this EAD file is for this representation, it may be different from the one for the main IP, if such one exists. It is stored here in the parent representation, i.e. seg 0 -->
	</dmdSec>
	
	<amdSec ID="ID.AVID.RA.18006.ADM.1"> <!-- CS mandatory exactly one <amdSec> which refers to all root level preservation metadata files-->
		<digiprovMD ID="ID.AVID.RA.18006.ADM.1.digiproMD.1" STATUS="CURRENT"> <!-- CS mandatory exactly one <digiprovMD> element for each file in the “metadata/preservation” folder. The attribute STAUS is Mandatory, must include one of the two values [superseded, current]-->
			<mdRef ID="ID.AVID.RA.18006.ADM.1.digiproMD.1.mdRef.1" LOCTYPE="URL" CREATED="2015-12-14T14:20:00" MDTYPE="PREMIS"
			 MIMETYPE="application/xml" xlink:href="metadata/preservation/premis.xml" xlink:type="simple" 
			 CHECKSUM="d41d8cd98f00b204e9800998ecf8427e" CHECKSUMTYPE="MD5" SIZE="0"/>
			<!-- CS mandatory attributes: ID, LOCTYPE, CREATED, CHECKSUM, CHECKSUMTYPE, MDTYPE, MIMETYPE -->
			<!-- This PREMIS file is for this representation -->
		</digiprovMD>
	</amdSec>
	
	<fileSec>
		<!-- In this example IDs are carring information to ease understanding - they look like paths to ease understanding, but are just IDs, similar to the naming of namespaces - these IDs can be replaced with information less UUID -->
		<fileGrp USE="E-ARK files root" ID="ID.AVID.RA.18006.E-ARK.fileGrp.root"> <!-- this ID is just for internal reference -->
			<!-- schemas -->		
			<fileGrp USE="schemas" ID="ID.AVID.RA.18006.E-ARK.fileGrp.schemas">  <!-- this ID is just for internal reference -->
				<!-- METS.xsd -->
				<file ID="ID.AVID.RA.18006.schemas.mets.xsd" USE="schema" MIMETYPE="application/xml"  CREATED="2015-12-14T14:20:00" 
					CHECKSUM="75debd87e3d070e8590a393ac38483e4" CHECKSUMTYPE="MD5" SIZE="134223">
					<FLocat LOCTYPE="URL" xlink:href="schemas/mets.xsd" xlink:type="simple"/>
				</file>
				<!-- mets_xlink.xsd -->
				<file ID="ID.AVID.RA.18006.schemas.mets_xlink.xsd" USE="schema" MIMETYPE="application/xml"  CREATED="2015-12-14T14:20:00" 
					CHECKSUM="0aaa1dd8380416f09ac607a06b3ec1a0" CHECKSUMTYPE="MD5" SIZE="3021">
					<FLocat LOCTYPE="URL" xlink:href="schemas/METS_xlink.xsd" xlink:type="simple"/>
				</file>
				<!-- xlink.xsd -->
				<file ID="ID.AVID.RA.18006.schemas.xlink.xsd" USE="schema" MIMETYPE="application/xml"  CREATED="2015-12-14T14:20:00" 
					CHECKSUM="90c7527e6d4d3c3a6247ceb94b46bcf5" CHECKSUMTYPE="MD5" SIZE="8322">
					<FLocat LOCTYPE="URL" xlink:href="schemas/xlink.xsd" xlink:type="simple"/>
				</file>
				<!-- ead3.xsd -->
				<file ID="ID.AVID.RA.18006.schemas.ead3.xsd" USE="schema" MIMETYPE="application/xml"  CREATED="2015-12-14T14:20:00" 
					CHECKSUM="7619e9dc6d1b592238e04a1d9be49c06" CHECKSUMTYPE="MD5" SIZE="92510">
					<FLocat LOCTYPE="URL" xlink:href="schemas/ead3.xsd" xlink:type="simple"/>
				</file>
				<!-- premis.xsd -->
				<file ID="ID.AVID.RA.18006.schemas.premis.xsd" USE="schema" MIMETYPE="application/xml"  CREATED="2015-12-14T14:20:00" 
					CHECKSUM="dd89ed0ccf2c6c910b3e72bb294e7e6f" CHECKSUMTYPE="MD5" SIZE="64508">
					<FLocat LOCTYPE="URL" xlink:href="schemas/premis.xsd" xlink:type="simple"/>
				</file>	
			</fileGrp>
			<!-- documentation -->		
			<fileGrp USE="documentation" ID="ID.AVID.RA.18006.E-ARK.fileGrp.documentation">  <!-- this ID is just for internal reference -->
				<file ID="ID.AVID.RA.18006.documentation.northwind.ER.png" USE="documentation" MIMETYPE="image/png"  CREATED="2015-12-14T14:20:00" 
					CHECKSUM="005a46043be036835027b474dba863b5" CHECKSUMTYPE="MD5" SIZE="86453">
					<FLocat LOCTYPE="URL" xlink:href="documentation/Northwind%20ER%20diagram.png" xlink:type="simple"/>
				</file>			
			</fileGrp>				
			<!-- metadata -->				
			<fileGrp USE="metadata" ID="ID.AVID.RA.18006.E-ARK.fileGrp.metadata">  <!-- this ID is just for internal reference -->
				<!-- EAD and PREMIS have been described under dmdSec and amdSec and according to the CS they MUST NOT (or SHOULD?) be listed here -->
			</fileGrp>
			<!-- the files of the representations are not here, in the structMap there is a reference to their METS file -->
		</fileGrp>
	</fileSec>
	
	<structMap TYPE="physical" LABEL="E-ARK structural map"> <!-- According to the CS v0.13 sec. 5.2, p 36 --> <!-- Modified by request of Jan Rörden -->
		<div LABEL="IP.AVID.RA.18006" ID="ID.234820948230948">
			<div LABEL="schemas" ID="ID.28950894582957">
				<fptr FILEID="ID.AVID.RA.18006.schemas.mets.xsd"/> <!-- this FILEID attr. has a ref. to the ID attribute in the <file> element in the <fileGrp> element in the <fileSec> element -->
				<fptr FILEID="ID.AVID.RA.18006.schemas.mets_xlink.xsd"/> 
				<fptr FILEID="ID.AVID.RA.18006.schemas.xlink.xsd"/>
				<fptr FILEID="ID.AVID.RA.18006.schemas.ead3.xsd"/>  
				<fptr FILEID="ID.AVID.RA.18006.schemas.premis.xsd"/>  
			</div>
			<div LABEL="documentation" ID="ID.23202358230948"><!-- sorry no documentation yet - to do --></div>	
			<div LABEL="metadata" ID="ID.75927459023759302">
				<div LABEL="descriptive" ID="ID.2347982472839"><!-- ead.xml has been described in the dmdSec so nothing further to describe here according to CS--></div>	
				<div LABEL="preservation" ID="ID.5729759235726"><!-- premis.xml has been described in the amdSec so nothing further to describe here according to CS--></div>	
				<div LABEL="other" ID="ID.235865829356726"></div>	
			</div>
			<div LABEL="representations" ID="ID.23658235689235">
				<!-- this root level METS.xml IP for a representation may point to other representation segments using the <mptr> element by referering to them as children - pointing to the root level METS file of the child(ren) using the OBJID value -->	
				<!-- we use the attribute LABEL value 'child IP' in the 'div' element for representations in accordance with the AIP spec.3.3.1.9 -->
				<!-- each root level METS file in the representations refers to its own METS files in the segments and in the representations folder using the <mptr> element -->			
				<!-- we use the attribute LABEL value 'segment' in the 'div' element for representations and the attribute TYPE value 'child' or 'parent'-->
				<!-- we have no CHECKSUM for these METS files because the mptr does not allow it and because the <file> element in the <fileGrp> in the <fileSec> apparently is only to be used for files inside the package -->
				<div LABEL="representations/ID.AVID.RA.18006.rep0" ID="ID.823579827598259"> <!-- Hélder Silva proposes that the DIV label should be the folder being described and therefore not with the prefix "representaitions/"  -->
					<div LABEL="representation segments" ID="ID.23957823732985"> <!-- Hélder Silva proposes that the DIV elements in line 107 and 108 are removed -->	 	
						<div LABEL="representations folder" ID="ID.3279023572903523020" TYPE="representations folder in this segment" ORDER="0"> <!-- Hélder Silva proposes that the DIV elements in line 107 and 108 are removed -->
							<mptr xlink:href="representations/AVID.RA.18006.rep0/METS.xml" xlink:title="representation level METS" xlink:type="simple" LOCTYPE="URL"/> 
							<!-- this is a METS reference to the METS file in the representations folder -->
						</div>
					</div>	 							
				</div>
			</div>
		</div>
	</structMap>
</mets>