<?xml version="1.0" encoding="utf-8" standalone="yes"?>
<!-- A root level METS file. -->
<!-- This root level METS.xml file is for the IP as a whole and does not describe single representations-->
<mets xmlns:xsi="http://www.w3.org/2001/XMLSchema-instance" xmlns="http://www.loc.gov/METS/" xmlns:xlink="http://www.w3.org/1999/xlink" OBJID="a04dede1-12f4-4de0-b61e-e641413c5f62" TYPE="SIP:SMURFSFSB" PROFILE="http://www.ra.ee/METS/v02/METS.xml" xsi:schemaLocation="http://www.loc.gov/METS/ schemas/mets.xsd" LABEL="root level METS file for an IP">
	<metsHdr CREATEDATE="2016-07-20T10:35:41.2854170+03:00" RECORDSTATUS="NEW" LASTMODDATE="2016-07-20T10:35:41.2854170+03:00">
		<agent ROLE="CREATOR" TYPE="OTHER" OTHERTYPE="SOFTWARE">
			<!-- The software which has been used to create the package (mandatory) -->
			<name>UAM</name>
			<!-- The name of the software -->
		</agent>
		<agent ROLE="ARCHIVIST" TYPE="ORGANIZATION">
			<!-- Archival creator (mandatory in the SIP, but not in the CS)-->
			<name>Tartu Ülikool</name>
			<!-- Name of the archival creator (mandatory)-->
			<note>EAA.123</note>
			<!-- Archival creator identification code (not mandatory) -->
		</agent>
		<agent ROLE="CREATOR" TYPE="ORGANIZATION">
			<!-- Submitting organisation (mandatory in the SIP, but not in the CS)-->
			<name>Tartu Ülikool</name>
			<!-- Name of the submitting organisation (mandatory)-->
			<note>EAA.123</note>
			<!-- Submitting organisation identification code (not mandatory) -->
		</agent>
		<agent ROLE="CREATOR" TYPE="INDIVIDUAL">
			<!-- Contact person for submission (not mandatory)-->
			<name>Tarvo Kärberg</name>
			<!-- Full name of the contact person -->
			<note></note>
			<!-- Contact information for the contact person -->
		</agent>
		<agent ROLE="PRESERVATION" TYPE="ORGANIZATION">
			<!-- Preservation organisation name (mandatory in the SIP, but not in the CS)-->
			<name>RAHVUSARHIIV</name>
			<note>70001946</note>
			<!-- Preservation organisation identification code (not mandatory) -->
		</agent>
		<metsDocumentID>a04dede1-12f4-4de0-b61e-e641413c5f62</metsDocumentID>
		<!-- CS optional, required to be equal to OBJID -->
	</metsHdr>
	<dmdSec ID="e6d49468-93b1-4e81-99ce-658b288f4e19">
		<!-- This dmdSec is for EAD metadata -->
		<mdRef ID="c72d99dd-52c8-45f9-84be-d251e6e6c17b" LOCTYPE="URL" MDTYPE="EAD" MDTYPEVERSION="3" xlink:type="simple" xlink:href="file:metadata/descriptive/ead.xml" MIMETYPE="text/xml" SIZE="8199" CREATED="2016-07-20T10:35:41.4224248+03:00" CHECKSUM="0a3ca07522ae7cc0601ec0e11ebc9e259ddf2fcf2ea0bd55b6009058daa2e725" CHECKSUMTYPE="SHA-256" />
	</dmdSec>
	<!-- If EAC-CPF descriptions about the archival creator exist then they should be referenced in dmdSec as a file -->
	<dmdSec ID="dfa85fc5-38ad-41d8-919d-52b8eb165473">
		<!-- This dmdSec is for EAC-CPF metadata -->
		<mdRef ID="f05e0b30-070d-4962-a859-de5162209198" LOCTYPE="URL" MDTYPE="EAC-CPF" MDTYPEVERSION="2010" xlink:type="simple" xlink:href="file:metadata/descriptive/eaccpf.xml" MIMETYPE="text/xml" SIZE="4173" CREATED="2016-07-20T10:35:41.4264250+03:00" CHECKSUM="90e2699a482d594bb13a5d243cd516925ca4d01f2a37ce62096bc22141470322" CHECKSUMTYPE="SHA-256" />
	</dmdSec>
	<amdSec ID="f42d48a2-457e-4028-a41f-eeed1dfe1f02" />
	<fileSec ID="c0f85d90-8979-49cf-8e12-b213661b4b82">
		<fileGrp ID="dd3d15ac-827a-4fa5-ad09-7aa4926f3003" USE="E-ARK files root">
			<fileGrp ID="db202ec0-1753-4281-a62a-33943f2a8650" USE="representations" />
			<fileGrp ID="d8bc771a-7df6-48cb-85ca-e3c71c2fe924" USE="data" />
			<fileGrp ID="ea680aad-4e00-4966-b9d5-49af2c32ef83" USE="schemas">
				<file ID="f4d4c1f0-15e9-4275-b33e-6ed9a085abf9" MIMETYPE="text/xml" SIZE="92413" CREATED="2016-07-20T10:35:41.4434260+03:00" CHECKSUM="7dd1670ae5076d69b1e70fbe4ff6788bf5f73e7d6f46c82fca16be12ba238ac9" CHECKSUMTYPE="SHA-256">
					<FLocat LOCTYPE="URL" xlink:type="simple" xlink:href="file:schemas/ead3.xsd" />
				</file>
				<file ID="ed31fea1-8a3f-49f9-9087-c12ecbf839bf" MIMETYPE="text/xml" SIZE="134223" CREATED="2016-07-20T10:35:41.4364256+03:00" CHECKSUM="61fba351467f8cdfeb5d6cf8b29cf1bf9c181f0760bd8d43fe1e7765b6071e1c" CHECKSUMTYPE="SHA-256">
					<FLocat LOCTYPE="URL" xlink:type="simple" xlink:href="file:schemas/mets.xsd" />
				</file>
				<file ID="e6e945db-5b10-4e69-8ec8-e2962c501f44" MIMETYPE="text/xml" SIZE="8322" CREATED="2016-07-20T10:35:41.4484263+03:00" CHECKSUM="c3dbbaa28b884377ecd4a6c49d1f12566d8227cb0dce8ced10c0f66f8fa266e3" CHECKSUMTYPE="SHA-256">
					<FLocat LOCTYPE="URL" xlink:type="simple" xlink:href="file:schemas/xlink.xsd" />
				</file>
			</fileGrp>
			<fileGrp ID="cbd0dd23-78a0-4436-83cc-90250ae88818" USE="documentation">
				<file ID="a29dd3d5-3eab-4267-9439-8b29bf8a454a" MIMETYPE="application/octet-stream" SIZE="673438" CREATED="2016-07-14T14:56:11.4531811+03:00" CHECKSUM="6f6f2db6eb36582f58211785982f5f95246005adfa994fd914ad0c3bb4248eac" CHECKSUMTYPE="SHA-256">
					<FLocat LOCTYPE="URL" xlink:type="simple" xlink:href="file:documentation/proto02.pdf" />
				</file>
			</fileGrp>
		</fileGrp>
	</fileSec>
	<structMap ID="daafcb5f-bce6-473b-9c46-4087e01578c6" TYPE="physical" LABEL="E-ARK structural map">
		<div ID="ec23e836-5fbf-474e-9df5-6b2cb414981d" LABEL="c56b1e40-a368-444f-af14-c68bece2e7cd">
			<div ID="b41eb06e-506b-4f66-8ed3-b5d12e69095f" LABEL="metadata">
				<div ID="eb23308e-9bc1-436c-8f2a-d36aba536f5b" LABEL="descriptive">
					<fptr FILEID="c72d99dd-52c8-45f9-84be-d251e6e6c17b" />
				</div>
				<div ID="aee8dad1-441e-4f39-a8b4-c4c173528010" LABEL="preservation" />
				<div ID="ea77cae6-e512-4b18-81c0-bab211135b1a" LABEL="other" />
			</div>
			<div ID="abd09721-fc0b-492b-8f72-2e7386e27a31" LABEL="representations">
				<div ID="f600a964-7a43-4711-956c-9044041be869" LABEL="rep1">
					<mptr xlink:type="simple" xlink:href="file:representations/rep1/METS.xml" LOCTYPE="URL" />
				</div>
				<div ID="d6f7c731-06fd-4a1d-bb26-245fed208c2b" LABEL="rep2">
					<mptr xlink:type="simple" xlink:href="file:representations/rep2/METS.xml" LOCTYPE="URL" />
				</div>
			</div>
			<div ID="f575272f-6a49-457d-b4e3-af1bb885f4ae" LABEL="data" />
			<div ID="b3a5c6e0-93b1-4958-8b56-1309fa5b0af8" LABEL="schemas">
				<fptr FILEID="f4d4c1f0-15e9-4275-b33e-6ed9a085abf9" />
				<fptr FILEID="ed31fea1-8a3f-49f9-9087-c12ecbf839bf" />
				<fptr FILEID="e6e945db-5b10-4e69-8ec8-e2962c501f44" />
			</div>
			<div ID="be6c5579-69e2-4126-9012-8ad5bfcdedc3" LABEL="documentation">
				<fptr FILEID="a29dd3d5-3eab-4267-9439-8b29bf8a454a" />
			</div>
		</div>
	</structMap>
</mets>