<?xml version="1.0" encoding="UTF-8" standalone="yes"?>
<!-- This is a representation level METS.xml file -->
<!-- This representation level METS.xml file is not aware of its own root level METS file or any other segments that may exists -->
<mets xmlns:xsi="http://www.w3.org/2001/XMLSchema-instance" xmlns="http://www.loc.gov/METS/" xmlns:xlink="http://www.w3.org/1999/xlink" OBJID="rep2" TYPE="representation:ERMS" PROFILE="" xsi:schemaLocation="http://www.loc.gov/METS/ ../../schemas/mets.xsd" LABEL="representations level METS file for a representation">	
    <metsHdr CREATEDATE="2016-04-26T14:03:09.710+03:00" LASTMODDATE="2016-04-26T14:03:09.710+03:00"/> <!-- CS - LASTMODDATA only mandatory if different from CREATEDATA -->
    <amdSec ID="bc4b699b-fb6d-4e4e-8df1-d4377d8a2f03"/>
    <fileSec ID="b7096cb7-a59c-463e-85be-6e785968fb00">
        <fileGrp ID="b5def569-1429-4b83-962b-8ac92820e12b" USE="E-ARK files representation rep2">
            <fileGrp ID="da53f914-91e5-4388-9662-8913daefff7c" USE="representations"/>
            <fileGrp ID="bd7f2cf0-589d-4a93-97cd-ab9d5e6afd25" USE="data">
                <file ID="bd7dce84-76a3-41b1-8212-7863eac0d77e" MIMETYPE="application/pdf" SIZE="81908" CREATED="2016-04-26T14:03:09.710+03:00" CHECKSUM="e5219c13fbe35b6a14ace77b9bedb69297e5c10264a2916ee682c48a4001fcd6" CHECKSUMTYPE="SHA-256">
                    <FLocat LOCTYPE="URL" xlink:type="simple" xlink:href="file:data/Example1.pdf"/>
                </file>
            </fileGrp>
            <fileGrp ID="bc0b8061-1aab-4a2d-891f-417f00fbc048" USE="schemas"/>
            <fileGrp ID="e1e15ea8-9fdf-4204-8ea2-4cd5ad5183e9" USE="documentation"/>
        </fileGrp>
    </fileSec>
    <structMap ID="b2adce46-96eb-43a7-b227-862b28ed5c64" TYPE="physical" LABEL="E-ARK structural map">
        <div ID="b8d7b10f-34b7-4ce0-8714-d2ca0fd59168" LABEL="rep2">
            <div ID="ee614c51-ee7b-49bb-98fc-123583b1392b" LABEL="metadata">
                <div ID="ba823a14-7a15-4c75-8a8a-72472e082493" LABEL="descriptive"/>
                <div ID="d61cfa22-284c-4bd4-97f1-f8252fd41769" LABEL="preservation"/>
                <div ID="b5dcbeb2-d81f-459b-a414-8d1949b4f24c" LABEL="other"/>
            </div>
            <div ID="b9fc00f2-c48a-4250-95a7-729415af1641" LABEL="representations"/>
            <div ID="befe2775-54cb-40e9-8784-3a7f6b1f7b33" LABEL="data">
                <fptr FILEID="bd7dce84-76a3-41b1-8212-7863eac0d77e"/>
            </div>
            <div ID="b7dcbbef-5359-40ac-8a92-7160de1b8ed1" LABEL="schemas"/>
            <div ID="b379dd65-34d2-45df-85f4-d31b827b4c29" LABEL="documentation"/>
        </div>
    </structMap>
</mets>
