<?xml version="1.0" encoding="utf-8" standalone="yes"?>
<!-- A root level METS file. -->
<!-- This root level METS.xml file is for the IP as a whole and does not describe single representations-->
<mets xmlns:xsi="http://www.w3.org/2001/XMLSchema-instance" xmlns="http://www.loc.gov/METS/" xmlns:xlink="http://www.w3.org/1999/xlink" OBJID="bc995d34-468e-482d-9820-a913b9e95c69" TYPE="SIP:SMURFERMS" PROFILE="http://www.ra.ee/METS/v02/METS.xml" xsi:schemaLocation="http://www.loc.gov/METS/ schemas/mets.xsd" LABEL="root level METS file for an IP">
	<metsHdr CREATEDATE="2016-07-20T10:23:41.5412500+03:00" RECORDSTATUS="NEW" LASTMODDATE="2016-07-20T10:23:41.5412500+03:00">
		<agent ROLE="CREATOR" TYPE="OTHER" OTHERTYPE="SOFTWARE">
			<!-- The software which has been used to create the package (mandatory) -->
			<name>UAM</name>
			<!-- The name of the software -->
		</agent>
		<agent ROLE="ARCHIVIST" TYPE="ORGANIZATION">
			<!-- Archival creator (mandatory in the SIP, but not in the CS)-->
			<name>Tartu Ülikool</name>
			<!-- Name of the archival creator (mandatory)-->
			<note>EAA.123</note>
			<!-- Archival creator identification code (not mandatory) -->
		</agent>
		<agent ROLE="CREATOR" TYPE="ORGANIZATION">
			<!-- Submitting organisation (mandatory in the SIP, but not in the CS)-->
			<name>Tartu Ülikool</name>
			<!-- Name of the submitting organisation (mandatory)-->
			<note>EAA.123</note>
			<!-- Submitting organisation identification code (not mandatory) -->
		</agent>
		<agent ROLE="CREATOR" TYPE="INDIVIDUAL">
			<!-- Contact person for submission (not mandatory)-->
			<name>Tarvo Kärberg</name>
			<!-- Full name of the contact person -->
			<note></note>
			<!-- Contact information for the contact person -->
		</agent>
		<agent ROLE="PRESERVATION" TYPE="ORGANIZATION">
			<!-- Preservation organisation name (mandatory in the SIP, but not in the CS)-->
			<name>RAHVUSARHIIV</name>
			<note>70001946</note>
			<!-- Preservation organisation identification code (not mandatory) -->
		</agent>
		<metsDocumentID>bc995d34-468e-482d-9820-a913b9e95c69</metsDocumentID>
		<!-- CS optional, required to be equal to OBJID -->
	</metsHdr>
	<dmdSec ID="bf7221e1-0429-41e0-9f2e-7ded08a612f2">
		<!-- This dmdSec is for EAD metadata -->
		<mdRef ID="e845579a-47d9-4276-9b9e-70a0c3b62acf" LOCTYPE="URL" MDTYPE="EAD" MDTYPEVERSION="3" xlink:type="simple" xlink:href="file:metadata/descriptive/ead.xml" MIMETYPE="text/xml" SIZE="8619" CREATED="2016-07-20T10:23:41.7212603+03:00" CHECKSUM="474f4ca3807da3e069c6322584efa7a137072544288943275fe5f49e62fb54af" CHECKSUMTYPE="SHA-256" />
	</dmdSec>
	<!-- If EAC-CPF descriptions about the archival creator exist then they should be referenced in dmdSec as a file -->
	<dmdSec ID="e793795d-7663-4a85-bb1b-5f667f79a966">
		<!-- This dmdSec is for EAC-CPF metadata -->
		<mdRef ID="a1fc06e1-18fb-431e-b664-a1b7e5159fff" LOCTYPE="URL" MDTYPE="EAC-CPF" MDTYPEVERSION="2010" xlink:type="simple" xlink:href="file:metadata/descriptive/eaccpf.xml" MIMETYPE="text/xml" SIZE="4173" CREATED="2016-07-20T10:23:41.7312608+03:00" CHECKSUM="e2ba8607a009476a8b07f92ea59832eeba5ac0bd0deaf61b98ef070c27ffa400" CHECKSUMTYPE="SHA-256" />
	</dmdSec>
	<amdSec ID="b1802c30-aef5-44ab-8dea-e3a0e12473d4" />
	<fileSec ID="a2ef09db-754f-4ac7-9ee8-2f309857c2f3">
		<fileGrp ID="f1ded22e-4773-48d1-9a56-e4aa9e945fcf" USE="E-ARK files root">
			<fileGrp ID="c18662ec-21bf-4be2-a940-b2ba246d188e" USE="representations" />
			<fileGrp ID="fbe202a7-d592-44fd-8d62-2ba8f48c7b51" USE="data" />
			<fileGrp ID="d3f992d3-63f9-4c78-a029-fc012fe786be" USE="schemas">
				<file ID="f8301961-035d-4fd4-ad20-1fd0181b9d2f" MIMETYPE="text/xml" SIZE="92413" CREATED="2016-07-20T10:23:41.7522620+03:00" CHECKSUM="7dd1670ae5076d69b1e70fbe4ff6788bf5f73e7d6f46c82fca16be12ba238ac9" CHECKSUMTYPE="SHA-256">
					<FLocat LOCTYPE="URL" xlink:type="simple" xlink:href="file:schemas/ead3.xsd" />
				</file>
				<file ID="e1f469d9-b6eb-47fb-a7aa-af40d73bc08f" MIMETYPE="text/xml" SIZE="134223" CREATED="2016-07-20T10:23:41.7452616+03:00" CHECKSUM="61fba351467f8cdfeb5d6cf8b29cf1bf9c181f0760bd8d43fe1e7765b6071e1c" CHECKSUMTYPE="SHA-256">
					<FLocat LOCTYPE="URL" xlink:type="simple" xlink:href="file:schemas/mets.xsd" />
				</file>
				<file ID="e6842838-a07e-4792-a74c-8f39bc869e4f" MIMETYPE="text/xml" SIZE="8322" CREATED="2016-07-20T10:23:41.7572623+03:00" CHECKSUM="c3dbbaa28b884377ecd4a6c49d1f12566d8227cb0dce8ced10c0f66f8fa266e3" CHECKSUMTYPE="SHA-256">
					<FLocat LOCTYPE="URL" xlink:type="simple" xlink:href="file:schemas/xlink.xsd" />
				</file>
			</fileGrp>
			<fileGrp ID="a7f753a3-6bba-4c77-a8d1-357d1ee9bc6c" USE="documentation">
				<file ID="e8b26140-a5b1-418e-93b7-4df6697cb3d7" MIMETYPE="application/octet-stream" SIZE="673438" CREATED="2016-07-14T14:56:11.4531811+03:00" CHECKSUM="6f6f2db6eb36582f58211785982f5f95246005adfa994fd914ad0c3bb4248eac" CHECKSUMTYPE="SHA-256">
					<FLocat LOCTYPE="URL" xlink:type="simple" xlink:href="file:documentation/proto02.pdf" />
				</file>
			</fileGrp>
		</fileGrp>
	</fileSec>
	<structMap ID="e453465f-647d-4782-8960-ce9ff3918405" TYPE="physical" LABEL="E-ARK structural map">
		<div ID="e27c2b15-eda6-45dd-88e6-723aed3103fe" LABEL="d4d442df-bda6-44dc-9b20-f12c532ace3d">
			<div ID="e2c9d05e-9dd5-44eb-9224-9f2b73d58bbf" LABEL="metadata">
				<div ID="d89c7e01-e710-4dba-900c-dfdb54ddd7c8" LABEL="descriptive">
					<fptr FILEID="e845579a-47d9-4276-9b9e-70a0c3b62acf" />
				</div>
				<div ID="b6c5c5b3-5723-4795-97f3-2ec10a54bd61" LABEL="preservation" />
				<div ID="d9646c4a-1f8d-4225-b641-adbcad5a56bf" LABEL="other" />
			</div>
			<div ID="c1979326-458e-4317-8477-297eafefa4ef" LABEL="representations">
				<div ID="a92c78f0-525b-470d-8127-bb8b7b0672fa" LABEL="rep1">
					<mptr xlink:type="simple" xlink:href="file:representations/rep1/METS.xml" LOCTYPE="URL" />
				</div>
				<div ID="a8ec6d34-bf03-4bb4-bdf1-2137191f0605" LABEL="rep2">
					<mptr xlink:type="simple" xlink:href="file:representations/rep2/METS.xml" LOCTYPE="URL" />
				</div>
			</div>
			<div ID="ecfd197a-9cd1-403f-9fc9-6af0f375b142" LABEL="data" />
			<div ID="a40a436d-359b-4317-9841-2088d81c3ac4" LABEL="schemas">
				<fptr FILEID="f8301961-035d-4fd4-ad20-1fd0181b9d2f" />
				<fptr FILEID="e1f469d9-b6eb-47fb-a7aa-af40d73bc08f" />
				<fptr FILEID="e6842838-a07e-4792-a74c-8f39bc869e4f" />
			</div>
			<div ID="f94a1357-5318-4298-b41c-647e47ac7f93" LABEL="documentation">
				<fptr FILEID="e8b26140-a5b1-418e-93b7-4df6697cb3d7" />
			</div>
		</div>
	</structMap>
</mets>