<?xml version="1.0" encoding="utf-8"?>
<ead xmlns="http://ead3.archivists.org/schema/" xmlns:xsi="http://www.w3.org/2001/XMLSchema-instance" xsi:schemaLocation="http://ead3.archivists.org/schema/  ../../schemas/ead3.xsd">
	<!--A required child element of <ead> for recording bibliographic and administrative information about an EAD instance.-->
	<control>
		<!--Record Identifier. A required child element of <control> that designates a unique identifier for the EAD instance.-->
		<recordid>bc643a3c-488c-44d1-956b-9f86da8b5393</recordid>
		<filedesc>
			<!--Title Statement. A required child element of <filedesc> that binds together information about the name of an encoded finding aid and those responsible for its content.-->
			<titlestmt>
				<titleproper>Tartu Ülikool</titleproper>
			</titlestmt>
			<!--Note Statement. A child element of notestmt, used to provide a general note related to the EAD instance.-->
			<notestmt>
				<controlnote>
					<p>This EAD file is compliant with the E-ARK project SMURF Specification, Version 1.0.</p>
				</controlnote>
			</notestmt>
		</filedesc>
		<!--A required child element of <control> that records the current version status of the EAD instance.-->
		<maintenancestatus value="new">text</maintenancestatus>
		<maintenanceagency>
			<agencyname>University of Tartu</agencyname>
		</maintenanceagency>
		<maintenancehistory>
			<maintenanceevent>
				<eventtype value="created"></eventtype>
				<eventdatetime>2016-07-08T08:50:52.1200000</eventdatetime>
				<agenttype value="human">text</agenttype>
				<agent>Tarvo Kärberg</agent>
			</maintenanceevent>
		</maintenancehistory>
	</control>
	<!--Archival Description. A required child element of <ead> that binds together all of the archival descriptive information in an EAD instance.-->
	<archdesc level="fonds">
		<did>
			<abstract>Report No. 3</abstract>
			<origination label="Creator">
				<name>
					<part>Tartu Riiklik Ülikool</part>
				</name>
			</origination>
		</did>
		<acqinfo>
			<p>History</p>
		</acqinfo>
		<scopecontent>
			<p>Scope and content</p>
		</scopecontent>
		<arrangement>
			<p>Arrangement</p>
		</arrangement>
		<accessrestrict>
			<p>There are no access restrictions on this collection.</p>
		</accessrestrict>
		<processinfo>
			<chronlist>
				<chronitem>
					<datesingle>08.07.2016</datesingle>
					<event>
						<list>
							<item>Tarvo Kärberg</item>
							<item>Deleted Funktsioon: 1 Institution management </item>
						</list>
					</event>
				</chronitem>
			</chronlist>
		</processinfo>
		<dsc>
			<c level="series">
				<did>
					<unitid label="current">EAA.123-2-1</unitid>
					<unitid label="original">1</unitid>
					<unitid label="archival">EAA.123.1.1</unitid>
					<unitid label="previousarchival"></unitid>
					<unittitle>Statistical reports</unittitle>
				</did>
				<accessrestrict>
					<p>There are no access restrictions on this collection.</p>
				</accessrestrict>
				<processinfo>
					<chronlist>
						<chronitem>
							<datesingle>13.04.2005</datesingle>
							<event>
								<list>
									<item></item>
									<item>Sarja loomine</item>
								</list>
							</event>
						</chronitem>
					</chronlist>
				</processinfo>
				<fileplan id="d4d2f7a9-7b25-4d89-b384-769da9fb2768" localtype="original">
					<head>Archival classification schema</head>
					<fileplan>
						<head>Research</head>
						<list>
							<item></item>
						</list>
					</fileplan>
				</fileplan>
				<c level="file">
					<did>
						<unitid label="current">EAA.123-2-1-2</unitid>
						<unitid label="original">1-2</unitid>
						<unitid label="archival">EAA.123.1.1</unitid>
						<unitid label="previousarchival"></unitid>
					</did>
					<accessrestrict>
						<p>There are no access restrictions on this collection.</p>
					</accessrestrict>
					<processinfo>
						<chronlist>
							<chronitem>
								<datesingle>14.07.2016</datesingle>
								<event>
									<list>
										<item>Tarvo Kärberg</item>
										<item>Deleted Dokument: 2-1-3 Report</item>
									</list>
								</event>
							</chronitem>
						</chronlist>
					</processinfo>
					<!-- An aggregation level - item -->
					<c level="item">
						<did>
							<!--Universally unique identifier for an entity that is generated automatically by the system and stays with the entity forever-->
							<unitid localtype="current">EAA.123-2-1-2-1</unitid>
							<!--The identifying name or title of the entity-->
							<unittitle>Report 01</unittitle>
							<!--System set date and time when the entity was created. Can be represented as unitdatestructured as well.-->
							<unitdate datechar="created">20.01.2008</unitdate>
							<abstract>Report No. 3</abstract>
							<!--The unit used to describe the extent of the record (e.g MB, pages, num of files/components)-->
							<physdescstructured coverage="whole" physdescstructuredtype="spaceoccupied">
								<quantity>0.0138</quantity>
								<unittype>MB</unittype>
							</physdescstructured>
							<daoset label="Digital Objects">
								<dao id="e43eba5e-60d6-4c7f-966c-b7ca7d03cf70" daotype="borndigital" linktitle="repA136.doc" href="file:../../representations/rep1/repA136.doc" />
								<dao id="db56629c-c703-40e8-822a-687bb435b6d0" daotype="derived" linktitle="repA136.pdf" href="file:../../representations/rep2/repA136.pdf" />
							</daoset>
						</did>
						<scopecontent>
							<p>Report No. 3</p>
						</scopecontent>
						<accessrestrict>
							<chronlist>
								<chronitem>
									<daterange>
										<fromdate>2016</fromdate>
										<todate>2036</todate>
									</daterange>
									<event>
										<list>
											<item>DEI</item>
											<item>20 years</item>
											<item>Source of the restriction.
</item>
											<item>A longer description of the restriction.</item>
										</list>
									</event>
								</chronitem>
							</chronlist>
						</accessrestrict>
						<!--Other Descriptive Data-->
						<odd localtype="forname">
							<list>
								<item>First Name 1</item>
							</list>
						</odd>
						<odd localtype="surname">
							<list>
								<item>Last Name 1</item>
							</list>
						</odd>
						<odd localtype="street">
							<list>
								<item>Street 1</item>
							</list>
						</odd>
						<odd localtype="city">
							<list>
								<item>City 1</item>
							</list>
						</odd>
						<odd localtype="country">
							<list>
								<item>Country 1</item>
							</list>
						</odd>
						<odd localtype="forname">
							<list>
								<item>First Name 2</item>
							</list>
						</odd>
						<odd localtype="surname">
							<list>
								<item>Last Name 2</item>
							</list>
						</odd>
						<odd localtype="street">
							<list>
								<item>Street 2</item>
							</list>
						</odd>
						<odd localtype="city">
							<list>
								<item>City 2</item>
							</list>
						</odd>
						<odd localtype="country">
							<list>
								<item>Country 2</item>
							</list>
						</odd>
						<odd localtype="name">
							<list>
								<item>1</item>
							</list>
						</odd>
						<odd localtype="number">
							<list>
								<item>1</item>
							</list>
						</odd>
						<odd localtype="name">
							<list>
								<item>2</item>
							</list>
						</odd>
						<odd localtype="number">
							<list>
								<item>2</item>
							</list>
						</odd>
						<odd localtype="name">
							<list>
								<item>3</item>
							</list>
						</odd>
						<odd localtype="number">
							<list>
								<item>3</item>
							</list>
						</odd>
					</c>
				</c>
			</c>
		</dsc>
	</archdesc>
</ead>